[
    {
        "source": {
            "id": "mtv-news",
            "name": "MTV News"
        },
        "author": "Jordana Ossad",
        "title": "Challenge Competitor Kyle Christie Is Going To Be A Dad",
        "description": "'Challenge' competitor Kyle Christie and girlfriend Vicky Turner are expecting their first child.",
        "url": "http://www.mtv.com/news/3175126/kyle-christie-challenge-dad/",
        "urlToImage": "https://mtv.mtvnimages.com/uri/mgid:ao:image:mtv.com:697050?quality=0.8&format=jpg&width=1440&height=810&.jpg",
        "publishedAt": "2021-03-12T19:46:47Z",
        "content": "Kyle Christie is about to embrace a brand-new exciting challenge: The MTV competitor and girlfriend Vicky Turner are expecting their first child!\r\n\"Little bit of you &amp; a little bit of me......tha\u2026 [+789 chars]"
    },
    {
        "source": {
            "id": "mtv-news",
            "name": "MTV News"
        },
        "author": "Jordana Ossad",
        "title": "These Are The Most \u201990s Moments From The Real World: New York",
        "description": "In honor of 'The Real World Homecoming: New York,' we're looking back at the show's most retro moments.",
        "url": "http://www.mtv.com/news/3174020/90s-moments-real-world-new-york/",
        "urlToImage": "https://mtv.mtvnimages.com/uri/mgid:ao:image:mtv.com:697045?quality=0.8&format=jpg&width=1440&height=810&.jpg",
        "publishedAt": "2021-03-12T18:38:15Z",
        "content": "When Becky Blasband, Andre Comeau, Heather B. Gardner, Julie Gentry, Norman Korpi, Eric Nies and Kevin Powell lived together in the Real World: New York loft back in 1992, beepers and subway tokens w\u2026 [+690 chars]"
    },
    {
        "source": {
            "id": "mtv-news",
            "name": "MTV News"
        },
        "author": "MTV News Staff",
        "title": "Bop Shop: Songs From St. Vincent, Chika, Ros\u00e9, And More",
        "description": "This week's Bop Shop features a '70s-style cut from St. Vincent, Chika's jazzy take on Billie Eilish, Lucy Dacus's devastating tale of friendship, Ros\u00e9 from Blackpink, and more.",
        "url": "http://www.mtv.com/news/3175104/bop-shop-st-vincent-chika-rose-lucy-dacus/",
        "urlToImage": "https://mtv.mtvnimages.com/uri/mgid:ao:image:mtv.com:697030?quality=0.8&format=jpg&width=1440&height=810&.jpg",
        "publishedAt": "2021-03-12T16:31:44Z",
        "content": "The search for the ever-elusive \"bop\" is difficult. Playlists and streaming-service recommendations can only do so much. They often leave a lingering question: Are these songs really\u00a0good, or are the\u2026 [+5024 chars]"
    },
    {
        "source": {
            "id": "mtv-news",
            "name": "MTV News"
        },
        "author": "Jordana Ossad",
        "title": "\u2018Here We Go Again\u2019: Gus And Jeremiah Come To Blows On MTV Floribama Shore",
        "description": "Family game night was ruined on 'MTV Floribama Shore' after Gus and Jeremiah got into a huge fight.",
        "url": "http://www.mtv.com/news/3174779/gus-jeremiah-entitled-fight-mtv-floribama-shore/",
        "urlToImage": "https://mtv.mtvnimages.com/uri/mgid:ao:image:mtv.com:697016?quality=0.8&format=jpg&width=1440&height=810&.jpg",
        "publishedAt": "2021-03-12T02:30:22Z",
        "content": "Family game night at the the MTV Floribama Shore abode \"was not a success.\" And Jerigus are to blame for its failure. \r\nDuring tonight's brand-new episode, Gus and Jeremiah came to blows yet again, a\u2026 [+2366 chars]"
    },
    {
        "source": {
            "id": "mtv-news",
            "name": "MTV News"
        },
        "author": "MTV News Staff",
        "title": "Genera+ion\u2018s Gritty, Honest Outlook On Gen Z Starts With Its Creator",
        "description": "Meet Zelda Barnz, the teen creator behind 'Genera+ion,' HBO Max's queer, coming-of-age dramedy.",
        "url": "http://www.mtv.com/news/3175034/generation-zelda-barnz-interview/",
        "urlToImage": "https://mtv.mtvnimages.com/uri/mgid:ao:image:mtv.com:696993?quality=0.8&format=jpg&width=1440&height=810&.jpg",
        "publishedAt": "2021-03-11T20:00:34Z",
        "content": "By Alex Gonzalez\r\nZelda Barnz has creativity in her blood. Growing up in Los Angeles with a parent in the entertainment industry, she was always surrounded by a diverse, eclectic cast of characters, \u2026 [+6826 chars]"
    },
    {
        "source": {
            "id": "mtv-news",
            "name": "MTV News"
        },
        "author": "MTV News Staff",
        "title": "Grab The Popcorn! The MTV Movie & TV Awards Are Back",
        "description": "The show is so massive this year that it can't be contained to a single night. It all kicks off Sunday, May 16",
        "url": "http://www.mtv.com/news/3175058/mtv-movie-and-tv-awards-2021/",
        "urlToImage": "https://mtv.mtvnimages.com/uri/mgid:ao:image:mtv.com:697005?quality=0.8&format=jpg&width=1440&height=810&.jpg",
        "publishedAt": "2021-03-11T19:00:32Z",
        "content": "Little else got us through the blazing hellscape that was 2020 quite like movies and TV. While politicians hesitated to deliver sustainable coronavirus relief packages, mushy rom-coms, superhero acti\u2026 [+1589 chars]"
    },
    {
        "source": {
            "id": "mtv-news",
            "name": "MTV News"
        },
        "author": "MTV News Staff",
        "title": "Aaliyah Still Sounds Like The Future",
        "description": "Aaliyah's self-titled 2001 album became her final \u2014 but then as now, it sounded like the future of R&B, showcasing an idol at the peak of her power across music, film, and fashion.",
        "url": "http://www.mtv.com/news/3174924/aaliyah-self-titled-20-years/",
        "urlToImage": "https://mtv.mtvnimages.com/uri/mgid:ao:image:mtv.com:696923?quality=0.8&format=jpg&width=1440&height=810&.jpg",
        "publishedAt": "2021-03-11T18:12:00Z",
        "content": "By Yasmine Shemesh\r\nAn eponymous album marks a major moment in an artist's career. For women, owning one's work, body, and artistry can be especially powerful, even political. Throughout Women's Hist\u2026 [+8491 chars]"
    },
    {
        "source": {
            "id": "mtv-news",
            "name": "MTV News"
        },
        "author": "Jordana Ossad",
        "title": "#TBT: How JWOWW Introduced Her Now-Fianc\u00e9 To The Jersey Shore Cast",
        "description": "Remember when JWOWW introduced her fiance Zack to her 'Jersey Shore' roommates?",
        "url": "http://www.mtv.com/news/3175025/jwoww-zack-engaged-throwback-meeting-jersey-shore-roomies/",
        "urlToImage": "https://mtv.mtvnimages.com/uri/mgid:ao:image:mtv.com:697000?quality=0.8&format=jpg&width=1440&height=810&.jpg",
        "publishedAt": "2021-03-11T16:14:06Z",
        "content": "Jenni \"JWOWW\" Farley \"said yes\" to Zack Carpinello -- and the bride's Jersey Shore family offered their congratulations to the soon-to-be husband and wife.\r\n\"So beyond happy for you two!!!! You deser\u2026 [+668 chars]"
    },
    {
        "source": {
            "id": "mtv-news",
            "name": "MTV News"
        },
        "author": "Matthew Scott Donnelly",
        "title": "Nany Renewed: Is The Winless Challenge Favorite Finally Headed Toward Victory?",
        "description": "Nany finally has her Gold Skull on 'The Challenge: Double Agents.' Could her 11th hour luck finally be changing?",
        "url": "http://www.mtv.com/news/3174936/nany-challenge-favorite-victory/",
        "urlToImage": "https://mtv.mtvnimages.com/uri/mgid:ao:image:mtv.com:696982?quality=0.8&format=jpg&width=1440&height=810&.jpg",
        "publishedAt": "2021-03-11T04:00:01Z",
        "content": "If \"close but no cigar\" had a human Challenge equivalent, it might look like Nany. The Real World: Las Vegas export consistently plays solid games, only to watch them unravel at the 99-yard line.\r\nBu\u2026 [+2921 chars]"
    }
]