[
    {
        "Jdex": "#001",
        "ndex": "#152",
        "name": "Chikorita",
        "type1": "Grass"
    },
    {
        "Jdex": "#002",
        "ndex": "#153",
        "name": "Bayleef",
        "type1": "Grass"
    },
    {
        "Jdex": "#003",
        "ndex": "#154",
        "name": "Meganium",
        "type1": "Grass"
    },
    {
        "Jdex": "#004",
        "ndex": "#155",
        "name": "Cyndaquil",
        "type1": "Fire"
    },
    {
        "Jdex": "#005",
        "ndex": "#156",
        "name": "Quilava",
        "type1": "Fire"
    },
    {
        "Jdex": "#006",
        "ndex": "#157",
        "name": "Typhlosion",
        "type1": "Fire"
    },
    {
        "Jdex": "#007",
        "ndex": "#158",
        "name": "Totodile",
        "type1": "Water"
    },
    {
        "Jdex": "#008",
        "ndex": "#159",
        "name": "Croconaw",
        "type1": "Water"
    },
    {
        "Jdex": "#009",
        "ndex": "#160",
        "name": "Feraligatr",
        "type1": "Water"
    },
    {
        "Jdex": "#019",
        "ndex": "#161",
        "name": "Sentret",
        "type1": "Normal"
    },
    {
        "Jdex": "#020",
        "ndex": "#162",
        "name": "Furret",
        "type1": "Normal"
    },
    {
        "Jdex": "#015",
        "ndex": "#163",
        "name": "Hoothoot",
        "type1": "Normal",
        "type2": "Flying"
    },
    {
        "Jdex": "#016",
        "ndex": "#164",
        "name": "Noctowl",
        "type1": "Normal",
        "type2": "Flying"
    },
    {
        "Jdex": "#030",
        "ndex": "#165",
        "name": "Ledyba",
        "type1": "Bug",
        "type2": "Flying"
    },
    {
        "Jdex": "#031",
        "ndex": "#166",
        "name": "Ledian",
        "type1": "Bug",
        "type2": "Flying"
    },
    {
        "Jdex": "#032",
        "ndex": "#167",
        "name": "Spinarak",
        "type1": "Bug",
        "type2": "Poison"
    },
    {
        "Jdex": "#033",
        "ndex": "#168",
        "name": "Ariados",
        "type1": "Bug",
        "type2": "Poison"
    },
    {
        "Jdex": "#039",
        "ndex": "#169",
        "name": "Crobat",
        "type1": "Poison",
        "type2": "Flying"
    },
    {
        "Jdex": "#176",
        "ndex": "#170",
        "name": "Chinchou",
        "type1": "Water",
        "type2": "Electric"
    },
    {
        "Jdex": "#177",
        "ndex": "#171",
        "name": "Lanturn",
        "type1": "Water",
        "type2": "Electric"
    },
    {
        "Jdex": "#021",
        "ndex": "#172",
        "name": "Pichu",
        "type1": "Electric"
    },
    {
        "Jdex": "#040",
        "ndex": "#173",
        "name": "Cleffa",
        "type1": "Fairy"
    },
    {
        "Jdex": "#044",
        "ndex": "#174",
        "name": "Igglybuff",
        "type1": "Normal",
        "type2": "Fairy"
    },
    {
        "Jdex": "#046",
        "ndex": "#175",
        "name": "Togepi",
        "type1": "Fairy"
    },
    {
        "Jdex": "#047",
        "ndex": "#176",
        "name": "Togetic",
        "type1": "Fairy",
        "type2": "Flying"
    },
    {
        "Jdex": "#161",
        "ndex": "#177",
        "name": "Natu",
        "type1": "Psychic",
        "type2": "Flying"
    },
    {
        "Jdex": "#162",
        "ndex": "#178",
        "name": "Xatu",
        "type1": "Psychic",
        "type2": "Flying"
    },
    {
        "Jdex": "#053",
        "ndex": "#179",
        "name": "Mareep",
        "type1": "Electric"
    },
    {
        "Jdex": "#054",
        "ndex": "#180",
        "name": "Flaaffy",
        "type1": "Electric"
    },
    {
        "Jdex": "#055",
        "ndex": "#181",
        "name": "Ampharos",
        "type1": "Electric"
    },
    {
        "Jdex": "#086",
        "ndex": "#182",
        "name": "Bellossom",
        "type1": "Grass"
    },
    {
        "Jdex": "#132",
        "ndex": "#183",
        "name": "Marill",
        "type1": "Water",
        "type2": "Fairy"
    },
    {
        "Jdex": "#133",
        "ndex": "#184",
        "name": "Azumarill",
        "type1": "Water",
        "type2": "Fairy"
    },
    {
        "Jdex": "#107",
        "ndex": "#185",
        "name": "Sudowoodo",
        "type1": "Rock"
    },
    {
        "Jdex": "#075",
        "ndex": "#186",
        "name": "Politoed",
        "type1": "Water"
    },
    {
        "Jdex": "#067",
        "ndex": "#187",
        "name": "Hoppip",
        "type1": "Grass",
        "type2": "Flying"
    },
    {
        "Jdex": "#068",
        "ndex": "#188",
        "name": "Skiploom",
        "type1": "Grass",
        "type2": "Flying"
    },
    {
        "Jdex": "#069",
        "ndex": "#189",
        "name": "Jumpluff",
        "type1": "Grass",
        "type2": "Flying"
    },
    {
        "Jdex": "#123",
        "ndex": "#190",
        "name": "Aipom",
        "type1": "Normal"
    },
    {
        "Jdex": "#103",
        "ndex": "#191",
        "name": "Sunkern",
        "type1": "Grass"
    },
    {
        "Jdex": "#104",
        "ndex": "#192",
        "name": "Sunflora",
        "type1": "Grass"
    },
    {
        "Jdex": "#101",
        "ndex": "#193",
        "name": "Yanma",
        "type1": "Bug",
        "type2": "Flying"
    },
    {
        "Jdex": "#056",
        "ndex": "#194",
        "name": "Wooper",
        "type1": "Water",
        "type2": "Ground"
    },
    {
        "Jdex": "#057",
        "ndex": "#195",
        "name": "Quagsire",
        "type1": "Water",
        "type2": "Ground"
    },
    {
        "Jdex": "#188",
        "ndex": "#196",
        "name": "Espeon",
        "type1": "Psychic"
    },
    {
        "Jdex": "#189",
        "ndex": "#197",
        "name": "Umbreon",
        "type1": "Dark"
    },
    {
        "Jdex": "#213",
        "ndex": "#198",
        "name": "Murkrow",
        "type1": "Dark",
        "type2": "Flying"
    },
    {
        "Jdex": "#082",
        "ndex": "#199",
        "name": "Slowking",
        "type1": "Water",
        "type2": "Psychic"
    },
    {
        "Jdex": "",
        "ndex": "#199",
        "name": "Slowking",
        "type1": "Poison",
        "type2": "Psychic"
    },
    {
        "Jdex": "#219",
        "ndex": "#200",
        "name": "Misdreavus",
        "type1": "Ghost"
    },
    {
        "Jdex": "#061",
        "ndex": "#201",
        "name": "Unown",
        "type1": "Psychic"
    },
    {
        "Jdex": "#108",
        "ndex": "#202",
        "name": "Wobbuffet",
        "type1": "Psychic"
    },
    {
        "Jdex": "#149",
        "ndex": "#203",
        "name": "Girafarig",
        "type1": "Normal",
        "type2": "Psychic"
    },
    {
        "Jdex": "#093",
        "ndex": "#204",
        "name": "Pineco",
        "type1": "Bug"
    },
    {
        "Jdex": "#094",
        "ndex": "#205",
        "name": "Forretress",
        "type1": "Bug",
        "type2": "Steel"
    },
    {
        "Jdex": "#052",
        "ndex": "#206",
        "name": "Dunsparce",
        "type1": "Normal"
    },
    {
        "Jdex": "#193",
        "ndex": "#207",
        "name": "Gligar",
        "type1": "Ground",
        "type2": "Flying"
    },
    {
        "Jdex": "#063",
        "ndex": "#208",
        "name": "Steelix",
        "type1": "Steel",
        "type2": "Ground"
    },
    {
        "Jdex": "#125",
        "ndex": "#209",
        "name": "Snubbull",
        "type1": "Fairy"
    },
    {
        "Jdex": "#126",
        "ndex": "#210",
        "name": "Granbull",
        "type1": "Fairy"
    },
    {
        "Jdex": "#163",
        "ndex": "#211",
        "name": "Qwilfish",
        "type1": "Water",
        "type2": "Poison"
    },
    {
        "Jdex": "#112",
        "ndex": "#212",
        "name": "Scizor",
        "type1": "Bug",
        "type2": "Steel"
    },
    {
        "Jdex": "#168",
        "ndex": "#213",
        "name": "Shuckle",
        "type1": "Bug",
        "type2": "Rock"
    },
    {
        "Jdex": "#114",
        "ndex": "#214",
        "name": "Heracross",
        "type1": "Bug",
        "type2": "Fighting"
    },
    {
        "Jdex": "#218",
        "ndex": "#215",
        "name": "Sneasel",
        "type1": "Dark",
        "type2": "Ice"
    },
    {
        "Jdex": "#198",
        "ndex": "#216",
        "name": "Teddiursa",
        "type1": "Normal"
    },
    {
        "Jdex": "#199",
        "ndex": "#217",
        "name": "Ursaring",
        "type1": "Normal"
    },
    {
        "Jdex": "#216",
        "ndex": "#218",
        "name": "Slugma",
        "type1": "Fire"
    },
    {
        "Jdex": "#217",
        "ndex": "#219",
        "name": "Magcargo",
        "type1": "Fire",
        "type2": "Rock"
    },
    {
        "Jdex": "#195",
        "ndex": "#220",
        "name": "Swinub",
        "type1": "Ice",
        "type2": "Ground"
    },
    {
        "Jdex": "#196",
        "ndex": "#221",
        "name": "Piloswine",
        "type1": "Ice",
        "type2": "Ground"
    },
    {
        "Jdex": "#173",
        "ndex": "#222",
        "name": "Corsola",
        "type1": "Water",
        "type2": "Rock"
    },
    {
        "Jdex": "",
        "ndex": "#222",
        "name": "Corsola",
        "type1": "Ghost"
    },
    {
        "Jdex": "#174",
        "ndex": "#223",
        "name": "Remoraid",
        "type1": "Water"
    },
    {
        "Jdex": "#175",
        "ndex": "#224",
        "name": "Octillery",
        "type1": "Water"
    },
    {
        "Jdex": "#194",
        "ndex": "#225",
        "name": "Delibird",
        "type1": "Ice",
        "type2": "Flying"
    },
    {
        "Jdex": "#202",
        "ndex": "#226",
        "name": "Mantine",
        "type1": "Water",
        "type2": "Flying"
    },
    {
        "Jdex": "#203",
        "ndex": "#227",
        "name": "Skarmory",
        "type1": "Steel",
        "type2": "Flying"
    },
    {
        "Jdex": "#214",
        "ndex": "#228",
        "name": "Houndour",
        "type1": "Dark",
        "type2": "Fire"
    },
    {
        "Jdex": "#215",
        "ndex": "#229",
        "name": "Houndoom",
        "type1": "Dark",
        "type2": "Fire"
    },
    {
        "Jdex": "#192",
        "ndex": "#230",
        "name": "Kingdra",
        "type1": "Water",
        "type2": "Dragon"
    },
    {
        "Jdex": "#200",
        "ndex": "#231",
        "name": "Phanpy",
        "type1": "Ground"
    },
    {
        "Jdex": "#201",
        "ndex": "#232",
        "name": "Donphan",
        "type1": "Ground"
    },
    {
        "Jdex": "#221",
        "ndex": "#233",
        "name": "Porygon2",
        "type1": "Normal"
    },
    {
        "Jdex": "#131",
        "ndex": "#234",
        "name": "Stantler",
        "type1": "Normal"
    },
    {
        "Jdex": "#159",
        "ndex": "#235",
        "name": "Smeargle",
        "type1": "Normal"
    },
    {
        "Jdex": "#145",
        "ndex": "#236",
        "name": "Tyrogue",
        "type1": "Fighting"
    },
    {
        "Jdex": "#148",
        "ndex": "#237",
        "name": "Hitmontop",
        "type1": "Fighting"
    },
    {
        "Jdex": "#154",
        "ndex": "#238",
        "name": "Smoochum",
        "type1": "Ice",
        "type2": "Psychic"
    },
    {
        "Jdex": "#156",
        "ndex": "#239",
        "name": "Elekid",
        "type1": "Electric"
    },
    {
        "Jdex": "#152",
        "ndex": "#240",
        "name": "Magby",
        "type1": "Fire"
    },
    {
        "Jdex": "#151",
        "ndex": "#241",
        "name": "Miltank",
        "type1": "Normal"
    },
    {
        "Jdex": "#223",
        "ndex": "#242",
        "name": "Blissey",
        "type1": "Normal"
    },
    {
        "Jdex": "#243",
        "ndex": "#243",
        "name": "Raikou",
        "type1": "Electric"
    },
    {
        "Jdex": "#244",
        "ndex": "#244",
        "name": "Entei",
        "type1": "Fire"
    },
    {
        "Jdex": "#245",
        "ndex": "#245",
        "name": "Suicune",
        "type1": "Water"
    },
    {
        "Jdex": "#249",
        "ndex": "#246",
        "name": "Larvitar",
        "type1": "Rock",
        "type2": "Ground"
    },
    {
        "Jdex": "#250",
        "ndex": "#247",
        "name": "Pupitar",
        "type1": "Rock",
        "type2": "Ground"
    },
    {
        "Jdex": "#251",
        "ndex": "#248",
        "name": "Tyranitar",
        "type1": "Rock",
        "type2": "Dark"
    },
    {
        "Jdex": "#252",
        "ndex": "#249",
        "name": "Lugia",
        "type1": "Psychic",
        "type2": "Flying"
    },
    {
        "Jdex": "#253",
        "ndex": "#250",
        "name": "Ho-Oh",
        "type1": "Fire",
        "type2": "Flying"
    },
    {
        "Jdex": "#256",
        "ndex": "#251",
        "name": "Celebi",
        "type1": "Psychic",
        "type2": "Grass"
    }
]