[
    {
        "Udex": "#000",
        "ndex": "#494",
        "name": "Victini",
        "type1": "Psychic",
        "type2": "Fire"
    },
    {
        "Udex": "#001",
        "ndex": "#495",
        "name": "Snivy",
        "type1": "Grass"
    },
    {
        "Udex": "#002",
        "ndex": "#496",
        "name": "Servine",
        "type1": "Grass"
    },
    {
        "Udex": "#003",
        "ndex": "#497",
        "name": "Serperior",
        "type1": "Grass"
    },
    {
        "Udex": "#004",
        "ndex": "#498",
        "name": "Tepig",
        "type1": "Fire"
    },
    {
        "Udex": "#005",
        "ndex": "#499",
        "name": "Pignite",
        "type1": "Fire",
        "type2": "Fighting"
    },
    {
        "Udex": "#006",
        "ndex": "#500",
        "name": "Emboar",
        "type1": "Fire",
        "type2": "Fighting"
    },
    {
        "Udex": "#007",
        "ndex": "#501",
        "name": "Oshawott",
        "type1": "Water"
    },
    {
        "Udex": "#008",
        "ndex": "#502",
        "name": "Dewott",
        "type1": "Water"
    },
    {
        "Udex": "#009",
        "ndex": "#503",
        "name": "Samurott",
        "type1": "Water"
    },
    {
        "Udex": "#010",
        "ndex": "#504",
        "name": "Patrat",
        "type1": "Normal"
    },
    {
        "Udex": "#011",
        "ndex": "#505",
        "name": "Watchog",
        "type1": "Normal"
    },
    {
        "Udex": "#012",
        "ndex": "#506",
        "name": "Lillipup",
        "type1": "Normal"
    },
    {
        "Udex": "#013",
        "ndex": "#507",
        "name": "Herdier",
        "type1": "Normal"
    },
    {
        "Udex": "#014",
        "ndex": "#508",
        "name": "Stoutland",
        "type1": "Normal"
    },
    {
        "Udex": "#015",
        "ndex": "#509",
        "name": "Purrloin",
        "type1": "Dark"
    },
    {
        "Udex": "#016",
        "ndex": "#510",
        "name": "Liepard",
        "type1": "Dark"
    },
    {
        "Udex": "#017",
        "ndex": "#511",
        "name": "Pansage",
        "type1": "Grass"
    },
    {
        "Udex": "#018",
        "ndex": "#512",
        "name": "Simisage",
        "type1": "Grass"
    },
    {
        "Udex": "#019",
        "ndex": "#513",
        "name": "Pansear",
        "type1": "Fire"
    },
    {
        "Udex": "#020",
        "ndex": "#514",
        "name": "Simisear",
        "type1": "Fire"
    },
    {
        "Udex": "#021",
        "ndex": "#515",
        "name": "Panpour",
        "type1": "Water"
    },
    {
        "Udex": "#022",
        "ndex": "#516",
        "name": "Simipour",
        "type1": "Water"
    },
    {
        "Udex": "#023",
        "ndex": "#517",
        "name": "Munna",
        "type1": "Psychic"
    },
    {
        "Udex": "#024",
        "ndex": "#518",
        "name": "Musharna",
        "type1": "Psychic"
    },
    {
        "Udex": "#025",
        "ndex": "#519",
        "name": "Pidove",
        "type1": "Normal",
        "type2": "Flying"
    },
    {
        "Udex": "#026",
        "ndex": "#520",
        "name": "Tranquill",
        "type1": "Normal",
        "type2": "Flying"
    },
    {
        "Udex": "#027",
        "ndex": "#521",
        "name": "Unfezant",
        "type1": "Normal",
        "type2": "Flying"
    },
    {
        "Udex": "#027",
        "ndex": "#521",
        "name": "Unfezant",
        "type1": "Normal",
        "type2": "Flying"
    },
    {
        "Udex": "#028",
        "ndex": "#522",
        "name": "Blitzle",
        "type1": "Electric"
    },
    {
        "Udex": "#029",
        "ndex": "#523",
        "name": "Zebstrika",
        "type1": "Electric"
    },
    {
        "Udex": "#030",
        "ndex": "#524",
        "name": "Roggenrola",
        "type1": "Rock"
    },
    {
        "Udex": "#031",
        "ndex": "#525",
        "name": "Boldore",
        "type1": "Rock"
    },
    {
        "Udex": "#032",
        "ndex": "#526",
        "name": "Gigalith",
        "type1": "Rock"
    },
    {
        "Udex": "#033",
        "ndex": "#527",
        "name": "Woobat",
        "type1": "Psychic",
        "type2": "Flying"
    },
    {
        "Udex": "#034",
        "ndex": "#528",
        "name": "Swoobat",
        "type1": "Psychic",
        "type2": "Flying"
    },
    {
        "Udex": "#035",
        "ndex": "#529",
        "name": "Drilbur",
        "type1": "Ground"
    },
    {
        "Udex": "#036",
        "ndex": "#530",
        "name": "Excadrill",
        "type1": "Ground",
        "type2": "Steel"
    },
    {
        "Udex": "#037",
        "ndex": "#531",
        "name": "Audino",
        "type1": "Normal"
    },
    {
        "Udex": "#038",
        "ndex": "#532",
        "name": "Timburr",
        "type1": "Fighting"
    },
    {
        "Udex": "#039",
        "ndex": "#533",
        "name": "Gurdurr",
        "type1": "Fighting"
    },
    {
        "Udex": "#040",
        "ndex": "#534",
        "name": "Conkeldurr",
        "type1": "Fighting"
    },
    {
        "Udex": "#041",
        "ndex": "#535",
        "name": "Tympole",
        "type1": "Water"
    },
    {
        "Udex": "#042",
        "ndex": "#536",
        "name": "Palpitoad",
        "type1": "Water",
        "type2": "Ground"
    },
    {
        "Udex": "#043",
        "ndex": "#537",
        "name": "Seismitoad",
        "type1": "Water",
        "type2": "Ground"
    },
    {
        "Udex": "#044",
        "ndex": "#538",
        "name": "Throh",
        "type1": "Fighting"
    },
    {
        "Udex": "#045",
        "ndex": "#539",
        "name": "Sawk",
        "type1": "Fighting"
    },
    {
        "Udex": "#046",
        "ndex": "#540",
        "name": "Sewaddle",
        "type1": "Bug",
        "type2": "Grass"
    },
    {
        "Udex": "#047",
        "ndex": "#541",
        "name": "Swadloon",
        "type1": "Bug",
        "type2": "Grass"
    },
    {
        "Udex": "#048",
        "ndex": "#542",
        "name": "Leavanny",
        "type1": "Bug",
        "type2": "Grass"
    },
    {
        "Udex": "#049",
        "ndex": "#543",
        "name": "Venipede",
        "type1": "Bug",
        "type2": "Poison"
    },
    {
        "Udex": "#050",
        "ndex": "#544",
        "name": "Whirlipede",
        "type1": "Bug",
        "type2": "Poison"
    },
    {
        "Udex": "#051",
        "ndex": "#545",
        "name": "Scolipede",
        "type1": "Bug",
        "type2": "Poison"
    },
    {
        "Udex": "#052",
        "ndex": "#546",
        "name": "Cottonee",
        "type1": "Grass",
        "type2": "Fairy"
    },
    {
        "Udex": "#053",
        "ndex": "#547",
        "name": "Whimsicott",
        "type1": "Grass",
        "type2": "Fairy"
    },
    {
        "Udex": "#054",
        "ndex": "#548",
        "name": "Petilil",
        "type1": "Grass"
    },
    {
        "Udex": "#055",
        "ndex": "#549",
        "name": "Lilligant",
        "type1": "Grass"
    },
    {
        "Udex": "#056",
        "ndex": "#550",
        "name": "Basculin",
        "type1": "Water"
    },
    {
        "Udex": "#056",
        "ndex": "#550",
        "name": "Basculin",
        "type1": "Water"
    },
    {
        "Udex": "#057",
        "ndex": "#551",
        "name": "Sandile",
        "type1": "Ground",
        "type2": "Dark"
    },
    {
        "Udex": "#058",
        "ndex": "#552",
        "name": "Krokorok",
        "type1": "Ground",
        "type2": "Dark"
    },
    {
        "Udex": "#059",
        "ndex": "#553",
        "name": "Krookodile",
        "type1": "Ground",
        "type2": "Dark"
    },
    {
        "Udex": "#060",
        "ndex": "#554",
        "name": "Darumaka",
        "type1": "Fire"
    },
    {
        "Udex": "",
        "ndex": "#554",
        "name": "Darumaka",
        "type1": "Ice"
    },
    {
        "Udex": "#061",
        "ndex": "#555",
        "name": "Darmanitan",
        "type1": "Fire"
    },
    {
        "Udex": "#061",
        "ndex": "#555",
        "name": "Darmanitan",
        "type1": "Fire",
        "type2": "Psychic"
    },
    {
        "Udex": "",
        "ndex": "#555",
        "name": "Darmanitan",
        "type1": "Ice"
    },
    {
        "Udex": "",
        "ndex": "#555",
        "name": "Darmanitan",
        "type1": "Ice",
        "type2": "Fire"
    },
    {
        "Udex": "#062",
        "ndex": "#556",
        "name": "Maractus",
        "type1": "Grass"
    },
    {
        "Udex": "#063",
        "ndex": "#557",
        "name": "Dwebble",
        "type1": "Bug",
        "type2": "Rock"
    },
    {
        "Udex": "#064",
        "ndex": "#558",
        "name": "Crustle",
        "type1": "Bug",
        "type2": "Rock"
    },
    {
        "Udex": "#065",
        "ndex": "#559",
        "name": "Scraggy",
        "type1": "Dark",
        "type2": "Fighting"
    },
    {
        "Udex": "#066",
        "ndex": "#560",
        "name": "Scrafty",
        "type1": "Dark",
        "type2": "Fighting"
    },
    {
        "Udex": "#067",
        "ndex": "#561",
        "name": "Sigilyph",
        "type1": "Psychic",
        "type2": "Flying"
    },
    {
        "Udex": "#068",
        "ndex": "#562",
        "name": "Yamask",
        "type1": "Ghost"
    },
    {
        "Udex": "",
        "ndex": "#562",
        "name": "Yamask",
        "type1": "Ground",
        "type2": "Ghost"
    },
    {
        "Udex": "#069",
        "ndex": "#563",
        "name": "Cofagrigus",
        "type1": "Ghost"
    },
    {
        "Udex": "#070",
        "ndex": "#564",
        "name": "Tirtouga",
        "type1": "Water",
        "type2": "Rock"
    },
    {
        "Udex": "#071",
        "ndex": "#565",
        "name": "Carracosta",
        "type1": "Water",
        "type2": "Rock"
    },
    {
        "Udex": "#072",
        "ndex": "#566",
        "name": "Archen",
        "type1": "Rock",
        "type2": "Flying"
    },
    {
        "Udex": "#073",
        "ndex": "#567",
        "name": "Archeops",
        "type1": "Rock",
        "type2": "Flying"
    },
    {
        "Udex": "#074",
        "ndex": "#568",
        "name": "Trubbish",
        "type1": "Poison"
    },
    {
        "Udex": "#075",
        "ndex": "#569",
        "name": "Garbodor",
        "type1": "Poison"
    },
    {
        "Udex": "#076",
        "ndex": "#570",
        "name": "Zorua",
        "type1": "Dark"
    },
    {
        "Udex": "#077",
        "ndex": "#571",
        "name": "Zoroark",
        "type1": "Dark"
    },
    {
        "Udex": "#078",
        "ndex": "#572",
        "name": "Minccino",
        "type1": "Normal"
    },
    {
        "Udex": "#079",
        "ndex": "#573",
        "name": "Cinccino",
        "type1": "Normal"
    },
    {
        "Udex": "#080",
        "ndex": "#574",
        "name": "Gothita",
        "type1": "Psychic"
    },
    {
        "Udex": "#081",
        "ndex": "#575",
        "name": "Gothorita",
        "type1": "Psychic"
    },
    {
        "Udex": "#082",
        "ndex": "#576",
        "name": "Gothitelle",
        "type1": "Psychic"
    },
    {
        "Udex": "#083",
        "ndex": "#577",
        "name": "Solosis",
        "type1": "Psychic"
    },
    {
        "Udex": "#084",
        "ndex": "#578",
        "name": "Duosion",
        "type1": "Psychic"
    },
    {
        "Udex": "#085",
        "ndex": "#579",
        "name": "Reuniclus",
        "type1": "Psychic"
    },
    {
        "Udex": "#086",
        "ndex": "#580",
        "name": "Ducklett",
        "type1": "Water",
        "type2": "Flying"
    },
    {
        "Udex": "#087",
        "ndex": "#581",
        "name": "Swanna",
        "type1": "Water",
        "type2": "Flying"
    },
    {
        "Udex": "#088",
        "ndex": "#582",
        "name": "Vanillite",
        "type1": "Ice"
    },
    {
        "Udex": "#089",
        "ndex": "#583",
        "name": "Vanillish",
        "type1": "Ice"
    },
    {
        "Udex": "#090",
        "ndex": "#584",
        "name": "Vanilluxe",
        "type1": "Ice"
    },
    {
        "Udex": "#091",
        "ndex": "#585",
        "name": "Deerling",
        "type1": "Normal",
        "type2": "Grass"
    },
    {
        "Udex": "#092",
        "ndex": "#586",
        "name": "Sawsbuck",
        "type1": "Normal",
        "type2": "Grass"
    },
    {
        "Udex": "#093",
        "ndex": "#587",
        "name": "Emolga",
        "type1": "Electric",
        "type2": "Flying"
    },
    {
        "Udex": "#094",
        "ndex": "#588",
        "name": "Karrablast",
        "type1": "Bug"
    },
    {
        "Udex": "#095",
        "ndex": "#589",
        "name": "Escavalier",
        "type1": "Bug",
        "type2": "Steel"
    },
    {
        "Udex": "#096",
        "ndex": "#590",
        "name": "Foongus",
        "type1": "Grass",
        "type2": "Poison"
    },
    {
        "Udex": "#097",
        "ndex": "#591",
        "name": "Amoonguss",
        "type1": "Grass",
        "type2": "Poison"
    },
    {
        "Udex": "#098",
        "ndex": "#592",
        "name": "Frillish",
        "type1": "Water",
        "type2": "Ghost"
    },
    {
        "Udex": "#098",
        "ndex": "#592",
        "name": "Frillish",
        "type1": "Water",
        "type2": "Ghost"
    },
    {
        "Udex": "#099",
        "ndex": "#593",
        "name": "Jellicent",
        "type1": "Water",
        "type2": "Ghost"
    },
    {
        "Udex": "#099",
        "ndex": "#593",
        "name": "Jellicent",
        "type1": "Water",
        "type2": "Ghost"
    },
    {
        "Udex": "#100",
        "ndex": "#594",
        "name": "Alomomola",
        "type1": "Water"
    },
    {
        "Udex": "#101",
        "ndex": "#595",
        "name": "Joltik",
        "type1": "Bug",
        "type2": "Electric"
    },
    {
        "Udex": "#102",
        "ndex": "#596",
        "name": "Galvantula",
        "type1": "Bug",
        "type2": "Electric"
    },
    {
        "Udex": "#103",
        "ndex": "#597",
        "name": "Ferroseed",
        "type1": "Grass",
        "type2": "Steel"
    },
    {
        "Udex": "#104",
        "ndex": "#598",
        "name": "Ferrothorn",
        "type1": "Grass",
        "type2": "Steel"
    },
    {
        "Udex": "#105",
        "ndex": "#599",
        "name": "Klink",
        "type1": "Steel"
    },
    {
        "Udex": "#106",
        "ndex": "#600",
        "name": "Klang",
        "type1": "Steel"
    },
    {
        "Udex": "#107",
        "ndex": "#601",
        "name": "Klinklang",
        "type1": "Steel"
    },
    {
        "Udex": "#108",
        "ndex": "#602",
        "name": "Tynamo",
        "type1": "Electric"
    },
    {
        "Udex": "#109",
        "ndex": "#603",
        "name": "Eelektrik",
        "type1": "Electric"
    },
    {
        "Udex": "#110",
        "ndex": "#604",
        "name": "Eelektross",
        "type1": "Electric"
    },
    {
        "Udex": "#111",
        "ndex": "#605",
        "name": "Elgyem",
        "type1": "Psychic"
    },
    {
        "Udex": "#112",
        "ndex": "#606",
        "name": "Beheeyem",
        "type1": "Psychic"
    },
    {
        "Udex": "#113",
        "ndex": "#607",
        "name": "Litwick",
        "type1": "Ghost",
        "type2": "Fire"
    },
    {
        "Udex": "#114",
        "ndex": "#608",
        "name": "Lampent",
        "type1": "Ghost",
        "type2": "Fire"
    },
    {
        "Udex": "#115",
        "ndex": "#609",
        "name": "Chandelure",
        "type1": "Ghost",
        "type2": "Fire"
    },
    {
        "Udex": "#116",
        "ndex": "#610",
        "name": "Axew",
        "type1": "Dragon"
    },
    {
        "Udex": "#117",
        "ndex": "#611",
        "name": "Fraxure",
        "type1": "Dragon"
    },
    {
        "Udex": "#118",
        "ndex": "#612",
        "name": "Haxorus",
        "type1": "Dragon"
    },
    {
        "Udex": "#119",
        "ndex": "#613",
        "name": "Cubchoo",
        "type1": "Ice"
    },
    {
        "Udex": "#120",
        "ndex": "#614",
        "name": "Beartic",
        "type1": "Ice"
    },
    {
        "Udex": "#121",
        "ndex": "#615",
        "name": "Cryogonal",
        "type1": "Ice"
    },
    {
        "Udex": "#122",
        "ndex": "#616",
        "name": "Shelmet",
        "type1": "Bug"
    },
    {
        "Udex": "#123",
        "ndex": "#617",
        "name": "Accelgor",
        "type1": "Bug"
    },
    {
        "Udex": "#124",
        "ndex": "#618",
        "name": "Stunfisk",
        "type1": "Ground",
        "type2": "Electric"
    },
    {
        "Udex": "",
        "ndex": "#618",
        "name": "Stunfisk",
        "type1": "Ground",
        "type2": "Steel"
    },
    {
        "Udex": "#125",
        "ndex": "#619",
        "name": "Mienfoo",
        "type1": "Fighting"
    },
    {
        "Udex": "#126",
        "ndex": "#620",
        "name": "Mienshao",
        "type1": "Fighting"
    },
    {
        "Udex": "#127",
        "ndex": "#621",
        "name": "Druddigon",
        "type1": "Dragon"
    },
    {
        "Udex": "#128",
        "ndex": "#622",
        "name": "Golett",
        "type1": "Ground",
        "type2": "Ghost"
    },
    {
        "Udex": "#129",
        "ndex": "#623",
        "name": "Golurk",
        "type1": "Ground",
        "type2": "Ghost"
    },
    {
        "Udex": "#130",
        "ndex": "#624",
        "name": "Pawniard",
        "type1": "Dark",
        "type2": "Steel"
    },
    {
        "Udex": "#131",
        "ndex": "#625",
        "name": "Bisharp",
        "type1": "Dark",
        "type2": "Steel"
    },
    {
        "Udex": "#132",
        "ndex": "#626",
        "name": "Bouffalant",
        "type1": "Normal"
    },
    {
        "Udex": "#133",
        "ndex": "#627",
        "name": "Rufflet",
        "type1": "Normal",
        "type2": "Flying"
    },
    {
        "Udex": "#134",
        "ndex": "#628",
        "name": "Braviary",
        "type1": "Normal",
        "type2": "Flying"
    },
    {
        "Udex": "#135",
        "ndex": "#629",
        "name": "Vullaby",
        "type1": "Dark",
        "type2": "Flying"
    },
    {
        "Udex": "#136",
        "ndex": "#630",
        "name": "Mandibuzz",
        "type1": "Dark",
        "type2": "Flying"
    },
    {
        "Udex": "#137",
        "ndex": "#631",
        "name": "Heatmor",
        "type1": "Fire"
    },
    {
        "Udex": "#138",
        "ndex": "#632",
        "name": "Durant",
        "type1": "Bug",
        "type2": "Steel"
    },
    {
        "Udex": "#139",
        "ndex": "#633",
        "name": "Deino",
        "type1": "Dark",
        "type2": "Dragon"
    },
    {
        "Udex": "#140",
        "ndex": "#634",
        "name": "Zweilous",
        "type1": "Dark",
        "type2": "Dragon"
    },
    {
        "Udex": "#141",
        "ndex": "#635",
        "name": "Hydreigon",
        "type1": "Dark",
        "type2": "Dragon"
    },
    {
        "Udex": "#142",
        "ndex": "#636",
        "name": "Larvesta",
        "type1": "Bug",
        "type2": "Fire"
    },
    {
        "Udex": "#143",
        "ndex": "#637",
        "name": "Volcarona",
        "type1": "Bug",
        "type2": "Fire"
    },
    {
        "Udex": "#144",
        "ndex": "#638",
        "name": "Cobalion",
        "type1": "Steel",
        "type2": "Fighting"
    },
    {
        "Udex": "#145",
        "ndex": "#639",
        "name": "Terrakion",
        "type1": "Rock",
        "type2": "Fighting"
    },
    {
        "Udex": "#146",
        "ndex": "#640",
        "name": "Virizion",
        "type1": "Grass",
        "type2": "Fighting"
    },
    {
        "Udex": "#147",
        "ndex": "#641",
        "name": "Tornadus",
        "type1": "Flying"
    },
    {
        "Udex": "#148",
        "ndex": "#642",
        "name": "Thundurus",
        "type1": "Electric",
        "type2": "Flying"
    },
    {
        "Udex": "#149",
        "ndex": "#643",
        "name": "Reshiram",
        "type1": "Dragon",
        "type2": "Fire"
    },
    {
        "Udex": "#150",
        "ndex": "#644",
        "name": "Zekrom",
        "type1": "Dragon",
        "type2": "Electric"
    },
    {
        "Udex": "#151",
        "ndex": "#645",
        "name": "Landorus",
        "type1": "Ground",
        "type2": "Flying"
    },
    {
        "Udex": "#152",
        "ndex": "#646",
        "name": "Kyurem",
        "type1": "Dragon",
        "type2": "Ice"
    },
    {
        "Udex": "#153",
        "ndex": "#647",
        "name": "Keldeo",
        "type1": "Water",
        "type2": "Fighting"
    },
    {
        "Udex": "#154",
        "ndex": "#648",
        "name": "Meloetta",
        "type1": "Normal",
        "type2": "Psychic"
    },
    {
        "Udex": "#154",
        "ndex": "#648",
        "name": "Meloetta",
        "type1": "Normal",
        "type2": "Fighting"
    },
    {
        "Udex": "#155",
        "ndex": "#649",
        "name": "Genesect",
        "type1": "Bug",
        "type2": "Steel"
    }
]