[
    {
        "Ce/Co/MoKdex": "#001Ce",
        "ndex": "#650",
        "name": "Chespin",
        "type1": "Grass"
    },
    {
        "Ce/Co/MoKdex": "#002Ce",
        "ndex": "#651",
        "name": "Quilladin",
        "type1": "Grass"
    },
    {
        "Ce/Co/MoKdex": "#003Ce",
        "ndex": "#652",
        "name": "Chesnaught",
        "type1": "Grass",
        "type2": "Fighting"
    },
    {
        "Ce/Co/MoKdex": "#004Ce",
        "ndex": "#653",
        "name": "Fennekin",
        "type1": "Fire"
    },
    {
        "Ce/Co/MoKdex": "#005Ce",
        "ndex": "#654",
        "name": "Braixen",
        "type1": "Fire"
    },
    {
        "Ce/Co/MoKdex": "#006Ce",
        "ndex": "#655",
        "name": "Delphox",
        "type1": "Fire",
        "type2": "Psychic"
    },
    {
        "Ce/Co/MoKdex": "#007Ce",
        "ndex": "#656",
        "name": "Froakie",
        "type1": "Water"
    },
    {
        "Ce/Co/MoKdex": "#008Ce",
        "ndex": "#657",
        "name": "Frogadier",
        "type1": "Water"
    },
    {
        "Ce/Co/MoKdex": "#009Ce",
        "ndex": "#658",
        "name": "Greninja",
        "type1": "Water",
        "type2": "Dark"
    },
    {
        "Ce/Co/MoKdex": "#010Ce",
        "ndex": "#659",
        "name": "Bunnelby",
        "type1": "Normal"
    },
    {
        "Ce/Co/MoKdex": "#011Ce",
        "ndex": "#660",
        "name": "Diggersby",
        "type1": "Normal",
        "type2": "Ground"
    },
    {
        "Ce/Co/MoKdex": "#014Ce",
        "ndex": "#661",
        "name": "Fletchling",
        "type1": "Normal",
        "type2": "Flying"
    },
    {
        "Ce/Co/MoKdex": "#015Ce",
        "ndex": "#662",
        "name": "Fletchinder",
        "type1": "Fire",
        "type2": "Flying"
    },
    {
        "Ce/Co/MoKdex": "#016Ce",
        "ndex": "#663",
        "name": "Talonflame",
        "type1": "Fire",
        "type2": "Flying"
    },
    {
        "Ce/Co/MoKdex": "#020Ce",
        "ndex": "#664",
        "name": "Scatterbug",
        "type1": "Bug"
    },
    {
        "Ce/Co/MoKdex": "#021Ce",
        "ndex": "#665",
        "name": "Spewpa",
        "type1": "Bug"
    },
    {
        "Ce/Co/MoKdex": "#022Ce",
        "ndex": "#666",
        "name": "Vivillon",
        "type1": "Bug",
        "type2": "Flying"
    },
    {
        "Ce/Co/MoKdex": "#057Ce",
        "ndex": "#667",
        "name": "Litleo",
        "type1": "Fire",
        "type2": "Normal"
    },
    {
        "Ce/Co/MoKdex": "#058Ce",
        "ndex": "#668",
        "name": "Pyroar",
        "type1": "Fire",
        "type2": "Normal"
    },
    {
        "Ce/Co/MoKdex": "#068Ce",
        "ndex": "#669",
        "name": "Flab\u00e9b\u00e9",
        "type1": "Fairy"
    },
    {
        "Ce/Co/MoKdex": "#069Ce",
        "ndex": "#670",
        "name": "Floette",
        "type1": "Fairy"
    },
    {
        "Ce/Co/MoKdex": "#070Ce",
        "ndex": "#671",
        "name": "Florges",
        "type1": "Fairy"
    },
    {
        "Ce/Co/MoKdex": "#089Ce",
        "ndex": "#672",
        "name": "Skiddo",
        "type1": "Grass"
    },
    {
        "Ce/Co/MoKdex": "#090Ce",
        "ndex": "#673",
        "name": "Gogoat",
        "type1": "Grass"
    },
    {
        "Ce/Co/MoKdex": "#091Ce",
        "ndex": "#674",
        "name": "Pancham",
        "type1": "Fighting"
    },
    {
        "Ce/Co/MoKdex": "#092Ce",
        "ndex": "#675",
        "name": "Pangoro",
        "type1": "Fighting",
        "type2": "Dark"
    },
    {
        "Ce/Co/MoKdex": "#093Ce",
        "ndex": "#676",
        "name": "Furfrou",
        "type1": "Normal"
    },
    {
        "Ce/Co/MoKdex": "#114Ce",
        "ndex": "#677",
        "name": "Espurr",
        "type1": "Psychic"
    },
    {
        "Ce/Co/MoKdex": "#115Ce",
        "ndex": "#678",
        "name": "Meowstic",
        "type1": "Psychic"
    },
    {
        "Ce/Co/MoKdex": "#117Ce",
        "ndex": "#679",
        "name": "Honedge",
        "type1": "Steel",
        "type2": "Ghost"
    },
    {
        "Ce/Co/MoKdex": "#118Ce",
        "ndex": "#680",
        "name": "Doublade",
        "type1": "Steel",
        "type2": "Ghost"
    },
    {
        "Ce/Co/MoKdex": "#119Ce",
        "ndex": "#681",
        "name": "Aegislash",
        "type1": "Steel",
        "type2": "Ghost"
    },
    {
        "Ce/Co/MoKdex": "#129Ce",
        "ndex": "#682",
        "name": "Spritzee",
        "type1": "Fairy"
    },
    {
        "Ce/Co/MoKdex": "#130Ce",
        "ndex": "#683",
        "name": "Aromatisse",
        "type1": "Fairy"
    },
    {
        "Ce/Co/MoKdex": "#131Ce",
        "ndex": "#684",
        "name": "Swirlix",
        "type1": "Fairy"
    },
    {
        "Ce/Co/MoKdex": "#132Ce",
        "ndex": "#685",
        "name": "Slurpuff",
        "type1": "Fairy"
    },
    {
        "Ce/Co/MoKdex": "#010Co",
        "ndex": "#686",
        "name": "Inkay",
        "type1": "Dark",
        "type2": "Psychic"
    },
    {
        "Ce/Co/MoKdex": "#011Co",
        "ndex": "#687",
        "name": "Malamar",
        "type1": "Dark",
        "type2": "Psychic"
    },
    {
        "Ce/Co/MoKdex": "#021Co",
        "ndex": "#688",
        "name": "Binacle",
        "type1": "Rock",
        "type2": "Water"
    },
    {
        "Ce/Co/MoKdex": "#022Co",
        "ndex": "#689",
        "name": "Barbaracle",
        "type1": "Rock",
        "type2": "Water"
    },
    {
        "Ce/Co/MoKdex": "#030Co",
        "ndex": "#690",
        "name": "Skrelp",
        "type1": "Poison",
        "type2": "Water"
    },
    {
        "Ce/Co/MoKdex": "#031Co",
        "ndex": "#691",
        "name": "Dragalge",
        "type1": "Poison",
        "type2": "Dragon"
    },
    {
        "Ce/Co/MoKdex": "#032Co",
        "ndex": "#692",
        "name": "Clauncher",
        "type1": "Water"
    },
    {
        "Ce/Co/MoKdex": "#033Co",
        "ndex": "#693",
        "name": "Clawitzer",
        "type1": "Water"
    },
    {
        "Ce/Co/MoKdex": "#046Co",
        "ndex": "#694",
        "name": "Helioptile",
        "type1": "Electric",
        "type2": "Normal"
    },
    {
        "Ce/Co/MoKdex": "#047Co",
        "ndex": "#695",
        "name": "Heliolisk",
        "type1": "Electric",
        "type2": "Normal"
    },
    {
        "Ce/Co/MoKdex": "#064Co",
        "ndex": "#696",
        "name": "Tyrunt",
        "type1": "Rock",
        "type2": "Dragon"
    },
    {
        "Ce/Co/MoKdex": "#065Co",
        "ndex": "#697",
        "name": "Tyrantrum",
        "type1": "Rock",
        "type2": "Dragon"
    },
    {
        "Ce/Co/MoKdex": "#066Co",
        "ndex": "#698",
        "name": "Amaura",
        "type1": "Rock",
        "type2": "Ice"
    },
    {
        "Ce/Co/MoKdex": "#067Co",
        "ndex": "#699",
        "name": "Aurorus",
        "type1": "Rock",
        "type2": "Ice"
    },
    {
        "Ce/Co/MoKdex": "#085Co",
        "ndex": "#700",
        "name": "Sylveon",
        "type1": "Fairy"
    },
    {
        "Ce/Co/MoKdex": "#089Co",
        "ndex": "#701",
        "name": "Hawlucha",
        "type1": "Fighting",
        "type2": "Flying"
    },
    {
        "Ce/Co/MoKdex": "#110Co",
        "ndex": "#702",
        "name": "Dedenne",
        "type1": "Electric",
        "type2": "Fairy"
    },
    {
        "Ce/Co/MoKdex": "#124Co",
        "ndex": "#703",
        "name": "Carbink",
        "type1": "Rock",
        "type2": "Fairy"
    },
    {
        "Ce/Co/MoKdex": "#019Mo",
        "ndex": "#704",
        "name": "Goomy",
        "type1": "Dragon"
    },
    {
        "Ce/Co/MoKdex": "#020Mo",
        "ndex": "#705",
        "name": "Sliggoo",
        "type1": "Dragon"
    },
    {
        "Ce/Co/MoKdex": "#021Mo",
        "ndex": "#706",
        "name": "Goodra",
        "type1": "Dragon"
    },
    {
        "Ce/Co/MoKdex": "#050Mo",
        "ndex": "#707",
        "name": "Klefki",
        "type1": "Steel",
        "type2": "Fairy"
    },
    {
        "Ce/Co/MoKdex": "#061Mo",
        "ndex": "#708",
        "name": "Phantump",
        "type1": "Ghost",
        "type2": "Grass"
    },
    {
        "Ce/Co/MoKdex": "#062Mo",
        "ndex": "#709",
        "name": "Trevenant",
        "type1": "Ghost",
        "type2": "Grass"
    },
    {
        "Ce/Co/MoKdex": "#063Mo",
        "ndex": "#710",
        "name": "Pumpkaboo",
        "type1": "Ghost",
        "type2": "Grass"
    },
    {
        "Ce/Co/MoKdex": "#064Mo",
        "ndex": "#711",
        "name": "Gourgeist",
        "type1": "Ghost",
        "type2": "Grass"
    },
    {
        "Ce/Co/MoKdex": "#079Mo",
        "ndex": "#712",
        "name": "Bergmite",
        "type1": "Ice"
    },
    {
        "Ce/Co/MoKdex": "#080Mo",
        "ndex": "#713",
        "name": "Avalugg",
        "type1": "Ice"
    },
    {
        "Ce/Co/MoKdex": "#113Mo",
        "ndex": "#714",
        "name": "Noibat",
        "type1": "Flying",
        "type2": "Dragon"
    },
    {
        "Ce/Co/MoKdex": "#114Mo",
        "ndex": "#715",
        "name": "Noivern",
        "type1": "Flying",
        "type2": "Dragon"
    },
    {
        "Ce/Co/MoKdex": "#148Mo",
        "ndex": "#716",
        "name": "Xerneas",
        "type1": "Fairy"
    },
    {
        "Ce/Co/MoKdex": "#149Mo",
        "ndex": "#717",
        "name": "Yveltal",
        "type1": "Dark",
        "type2": "Flying"
    },
    {
        "Ce/Co/MoKdex": "#150Mo",
        "ndex": "#718",
        "name": "Zygarde",
        "type1": "Dragon",
        "type2": "Ground"
    },
    {
        "Ce/Co/MoKdex": "#151Ce",
        "ndex": "#719",
        "name": "Diancie",
        "type1": "Rock",
        "type2": "Fairy"
    },
    {
        "Ce/Co/MoKdex": "#152Ce",
        "ndex": "#720",
        "name": "Hoopa",
        "type1": "Psychic",
        "type2": "Ghost"
    },
    {
        "Ce/Co/MoKdex": "#152Ce",
        "ndex": "#720",
        "name": "Hoopa",
        "type1": "Psychic",
        "type2": "Dark"
    },
    {
        "Ce/Co/MoKdex": "#153Ce",
        "ndex": "#721",
        "name": "Volcanion",
        "type1": "Fire",
        "type2": "Water"
    }
]