[
    {
        "Sdex": "#001",
        "ndex": "#387",
        "name": "Turtwig",
        "type1": "Grass"
    },
    {
        "Sdex": "#002",
        "ndex": "#388",
        "name": "Grotle",
        "type1": "Grass"
    },
    {
        "Sdex": "#003",
        "ndex": "#389",
        "name": "Torterra",
        "type1": "Grass",
        "type2": "Ground"
    },
    {
        "Sdex": "#004",
        "ndex": "#390",
        "name": "Chimchar",
        "type1": "Fire"
    },
    {
        "Sdex": "#005",
        "ndex": "#391",
        "name": "Monferno",
        "type1": "Fire",
        "type2": "Fighting"
    },
    {
        "Sdex": "#006",
        "ndex": "#392",
        "name": "Infernape",
        "type1": "Fire",
        "type2": "Fighting"
    },
    {
        "Sdex": "#007",
        "ndex": "#393",
        "name": "Piplup",
        "type1": "Water"
    },
    {
        "Sdex": "#008",
        "ndex": "#394",
        "name": "Prinplup",
        "type1": "Water"
    },
    {
        "Sdex": "#009",
        "ndex": "#395",
        "name": "Empoleon",
        "type1": "Water",
        "type2": "Steel"
    },
    {
        "Sdex": "#010",
        "ndex": "#396",
        "name": "Starly",
        "type1": "Normal",
        "type2": "Flying"
    },
    {
        "Sdex": "#011",
        "ndex": "#397",
        "name": "Staravia",
        "type1": "Normal",
        "type2": "Flying"
    },
    {
        "Sdex": "#012",
        "ndex": "#398",
        "name": "Staraptor",
        "type1": "Normal",
        "type2": "Flying"
    },
    {
        "Sdex": "#013",
        "ndex": "#399",
        "name": "Bidoof",
        "type1": "Normal"
    },
    {
        "Sdex": "#014",
        "ndex": "#400",
        "name": "Bibarel",
        "type1": "Normal",
        "type2": "Water"
    },
    {
        "Sdex": "#015",
        "ndex": "#401",
        "name": "Kricketot",
        "type1": "Bug"
    },
    {
        "Sdex": "#016",
        "ndex": "#402",
        "name": "Kricketune",
        "type1": "Bug"
    },
    {
        "Sdex": "#017",
        "ndex": "#403",
        "name": "Shinx",
        "type1": "Electric"
    },
    {
        "Sdex": "#018",
        "ndex": "#404",
        "name": "Luxio",
        "type1": "Electric"
    },
    {
        "Sdex": "#019",
        "ndex": "#405",
        "name": "Luxray",
        "type1": "Electric"
    },
    {
        "Sdex": "#025",
        "ndex": "#406",
        "name": "Budew",
        "type1": "Grass",
        "type2": "Poison"
    },
    {
        "Sdex": "#027",
        "ndex": "#407",
        "name": "Roserade",
        "type1": "Grass",
        "type2": "Poison"
    },
    {
        "Sdex": "#036",
        "ndex": "#408",
        "name": "Cranidos",
        "type1": "Rock"
    },
    {
        "Sdex": "#037",
        "ndex": "#409",
        "name": "Rampardos",
        "type1": "Rock"
    },
    {
        "Sdex": "#038",
        "ndex": "#410",
        "name": "Shieldon",
        "type1": "Rock",
        "type2": "Steel"
    },
    {
        "Sdex": "#039",
        "ndex": "#411",
        "name": "Bastiodon",
        "type1": "Rock",
        "type2": "Steel"
    },
    {
        "Sdex": "#045",
        "ndex": "#412",
        "name": "Burmy",
        "type1": "Bug"
    },
    {
        "Sdex": "#045",
        "ndex": "#412",
        "name": "Burmy",
        "type1": "Bug"
    },
    {
        "Sdex": "#045",
        "ndex": "#412",
        "name": "Burmy",
        "type1": "Bug"
    },
    {
        "Sdex": "#046",
        "ndex": "#413",
        "name": "Wormadam",
        "type1": "Bug",
        "type2": "Grass"
    },
    {
        "Sdex": "#046",
        "ndex": "#413",
        "name": "Wormadam",
        "type1": "Bug",
        "type2": "Ground"
    },
    {
        "Sdex": "#046",
        "ndex": "#413",
        "name": "Wormadam",
        "type1": "Bug",
        "type2": "Steel"
    },
    {
        "Sdex": "#047",
        "ndex": "#414",
        "name": "Mothim",
        "type1": "Bug",
        "type2": "Flying"
    },
    {
        "Sdex": "#053",
        "ndex": "#415",
        "name": "Combee",
        "type1": "Bug",
        "type2": "Flying"
    },
    {
        "Sdex": "#054",
        "ndex": "#416",
        "name": "Vespiquen",
        "type1": "Bug",
        "type2": "Flying"
    },
    {
        "Sdex": "#055",
        "ndex": "#417",
        "name": "Pachirisu",
        "type1": "Electric"
    },
    {
        "Sdex": "#056",
        "ndex": "#418",
        "name": "Buizel",
        "type1": "Water"
    },
    {
        "Sdex": "#057",
        "ndex": "#419",
        "name": "Floatzel",
        "type1": "Water"
    },
    {
        "Sdex": "#058",
        "ndex": "#420",
        "name": "Cherubi",
        "type1": "Grass"
    },
    {
        "Sdex": "#059",
        "ndex": "#421",
        "name": "Cherrim",
        "type1": "Grass"
    },
    {
        "Sdex": "#060",
        "ndex": "#422",
        "name": "Shellos",
        "type1": "Water"
    },
    {
        "Sdex": "#060",
        "ndex": "#422",
        "name": "Shellos",
        "type1": "Water"
    },
    {
        "Sdex": "#061",
        "ndex": "#423",
        "name": "Gastrodon",
        "type1": "Water",
        "type2": "Ground"
    },
    {
        "Sdex": "#061",
        "ndex": "#423",
        "name": "Gastrodon",
        "type1": "Water",
        "type2": "Ground"
    },
    {
        "Sdex": "#064",
        "ndex": "#424",
        "name": "Ambipom",
        "type1": "Normal"
    },
    {
        "Sdex": "#065",
        "ndex": "#425",
        "name": "Drifloon",
        "type1": "Ghost",
        "type2": "Flying"
    },
    {
        "Sdex": "#066",
        "ndex": "#426",
        "name": "Drifblim",
        "type1": "Ghost",
        "type2": "Flying"
    },
    {
        "Sdex": "#067",
        "ndex": "#427",
        "name": "Buneary",
        "type1": "Normal"
    },
    {
        "Sdex": "#068",
        "ndex": "#428",
        "name": "Lopunny",
        "type1": "Normal"
    },
    {
        "Sdex": "#073",
        "ndex": "#429",
        "name": "Mismagius",
        "type1": "Ghost"
    },
    {
        "Sdex": "#075",
        "ndex": "#430",
        "name": "Honchkrow",
        "type1": "Dark",
        "type2": "Flying"
    },
    {
        "Sdex": "#076",
        "ndex": "#431",
        "name": "Glameow",
        "type1": "Normal"
    },
    {
        "Sdex": "#077",
        "ndex": "#432",
        "name": "Purugly",
        "type1": "Normal"
    },
    {
        "Sdex": "#082",
        "ndex": "#433",
        "name": "Chingling",
        "type1": "Psychic"
    },
    {
        "Sdex": "#084",
        "ndex": "#434",
        "name": "Stunky",
        "type1": "Poison",
        "type2": "Dark"
    },
    {
        "Sdex": "#085",
        "ndex": "#435",
        "name": "Skuntank",
        "type1": "Poison",
        "type2": "Dark"
    },
    {
        "Sdex": "#088",
        "ndex": "#436",
        "name": "Bronzor",
        "type1": "Steel",
        "type2": "Psychic"
    },
    {
        "Sdex": "#089",
        "ndex": "#437",
        "name": "Bronzong",
        "type1": "Steel",
        "type2": "Psychic"
    },
    {
        "Sdex": "#092",
        "ndex": "#438",
        "name": "Bonsly",
        "type1": "Rock"
    },
    {
        "Sdex": "#094",
        "ndex": "#439",
        "name": "Mime Jr.",
        "type1": "Psychic",
        "type2": "Fairy"
    },
    {
        "Sdex": "#096",
        "ndex": "#440",
        "name": "Happiny",
        "type1": "Normal"
    },
    {
        "Sdex": "#102",
        "ndex": "#441",
        "name": "Chatot",
        "type1": "Normal",
        "type2": "Flying"
    },
    {
        "Sdex": "#108",
        "ndex": "#442",
        "name": "Spiritomb",
        "type1": "Ghost",
        "type2": "Dark"
    },
    {
        "Sdex": "#109",
        "ndex": "#443",
        "name": "Gible",
        "type1": "Dragon",
        "type2": "Ground"
    },
    {
        "Sdex": "#110",
        "ndex": "#444",
        "name": "Gabite",
        "type1": "Dragon",
        "type2": "Ground"
    },
    {
        "Sdex": "#111",
        "ndex": "#445",
        "name": "Garchomp",
        "type1": "Dragon",
        "type2": "Ground"
    },
    {
        "Sdex": "#112",
        "ndex": "#446",
        "name": "Munchlax",
        "type1": "Normal"
    },
    {
        "Sdex": "#115",
        "ndex": "#447",
        "name": "Riolu",
        "type1": "Fighting"
    },
    {
        "Sdex": "#116",
        "ndex": "#448",
        "name": "Lucario",
        "type1": "Fighting",
        "type2": "Steel"
    },
    {
        "Sdex": "#122",
        "ndex": "#449",
        "name": "Hippopotas",
        "type1": "Ground"
    },
    {
        "Sdex": "#123",
        "ndex": "#450",
        "name": "Hippowdon",
        "type1": "Ground"
    },
    {
        "Sdex": "#127",
        "ndex": "#451",
        "name": "Skorupi",
        "type1": "Poison",
        "type2": "Bug"
    },
    {
        "Sdex": "#128",
        "ndex": "#452",
        "name": "Drapion",
        "type1": "Poison",
        "type2": "Dark"
    },
    {
        "Sdex": "#129",
        "ndex": "#453",
        "name": "Croagunk",
        "type1": "Poison",
        "type2": "Fighting"
    },
    {
        "Sdex": "#130",
        "ndex": "#454",
        "name": "Toxicroak",
        "type1": "Poison",
        "type2": "Fighting"
    },
    {
        "Sdex": "#131",
        "ndex": "#455",
        "name": "Carnivine",
        "type1": "Grass"
    },
    {
        "Sdex": "#134",
        "ndex": "#456",
        "name": "Finneon",
        "type1": "Water"
    },
    {
        "Sdex": "#135",
        "ndex": "#457",
        "name": "Lumineon",
        "type1": "Water"
    },
    {
        "Sdex": "#140",
        "ndex": "#458",
        "name": "Mantyke",
        "type1": "Water",
        "type2": "Flying"
    },
    {
        "Sdex": "#142",
        "ndex": "#459",
        "name": "Snover",
        "type1": "Grass",
        "type2": "Ice"
    },
    {
        "Sdex": "#143",
        "ndex": "#460",
        "name": "Abomasnow",
        "type1": "Grass",
        "type2": "Ice"
    },
    {
        "Sdex": "#145",
        "ndex": "#461",
        "name": "Weavile",
        "type1": "Dark",
        "type2": "Ice"
    },
    {
        "Sdex": "#180",
        "ndex": "#462",
        "name": "Magnezone",
        "type1": "Electric",
        "type2": "Steel"
    },
    {
        "Sdex": "#162",
        "ndex": "#463",
        "name": "Lickilicky",
        "type1": "Normal"
    },
    {
        "Sdex": "#188",
        "ndex": "#464",
        "name": "Rhyperior",
        "type1": "Ground",
        "type2": "Rock"
    },
    {
        "Sdex": "#182",
        "ndex": "#465",
        "name": "Tangrowth",
        "type1": "Grass"
    },
    {
        "Sdex": "#199",
        "ndex": "#466",
        "name": "Electivire",
        "type1": "Electric"
    },
    {
        "Sdex": "#202",
        "ndex": "#467",
        "name": "Magmortar",
        "type1": "Fire"
    },
    {
        "Sdex": "#175",
        "ndex": "#468",
        "name": "Togekiss",
        "type1": "Fairy",
        "type2": "Flying"
    },
    {
        "Sdex": "#184",
        "ndex": "#469",
        "name": "Yanmega",
        "type1": "Bug",
        "type2": "Flying"
    },
    {
        "Sdex": "#169",
        "ndex": "#470",
        "name": "Leafeon",
        "type1": "Grass"
    },
    {
        "Sdex": "#170",
        "ndex": "#471",
        "name": "Glaceon",
        "type1": "Ice"
    },
    {
        "Sdex": "#154",
        "ndex": "#472",
        "name": "Gliscor",
        "type1": "Ground",
        "type2": "Flying"
    },
    {
        "Sdex": "#205",
        "ndex": "#473",
        "name": "Mamoswine",
        "type1": "Ice",
        "type2": "Ground"
    },
    {
        "Sdex": "#194",
        "ndex": "#474",
        "name": "Porygon-Z",
        "type1": "Normal"
    },
    {
        "Sdex": "#160",
        "ndex": "#475",
        "name": "Gallade",
        "type1": "Psychic",
        "type2": "Fighting"
    },
    {
        "Sdex": "#156",
        "ndex": "#476",
        "name": "Probopass",
        "type1": "Rock",
        "type2": "Steel"
    },
    {
        "Sdex": "#191",
        "ndex": "#477",
        "name": "Dusknoir",
        "type1": "Ghost"
    },
    {
        "Sdex": "#208",
        "ndex": "#478",
        "name": "Froslass",
        "type1": "Ice",
        "type2": "Ghost"
    },
    {
        "Sdex": "#152",
        "ndex": "#479",
        "name": "Rotom",
        "type1": "Electric",
        "type2": "Ghost"
    },
    {
        "Sdex": "#152",
        "ndex": "#479",
        "name": "Rotom",
        "type1": "Electric",
        "type2": "Fire"
    },
    {
        "Sdex": "#152",
        "ndex": "#479",
        "name": "Rotom",
        "type1": "Electric",
        "type2": "Water"
    },
    {
        "Sdex": "#152",
        "ndex": "#479",
        "name": "Rotom",
        "type1": "Electric",
        "type2": "Ice"
    },
    {
        "Sdex": "#152",
        "ndex": "#479",
        "name": "Rotom",
        "type1": "Electric",
        "type2": "Flying"
    },
    {
        "Sdex": "#152",
        "ndex": "#479",
        "name": "Rotom",
        "type1": "Electric",
        "type2": "Grass"
    },
    {
        "Sdex": "#146",
        "ndex": "#480",
        "name": "Uxie",
        "type1": "Psychic"
    },
    {
        "Sdex": "#147",
        "ndex": "#481",
        "name": "Mesprit",
        "type1": "Psychic"
    },
    {
        "Sdex": "#148",
        "ndex": "#482",
        "name": "Azelf",
        "type1": "Psychic"
    },
    {
        "Sdex": "#149",
        "ndex": "#483",
        "name": "Dialga",
        "type1": "Steel",
        "type2": "Dragon"
    },
    {
        "Sdex": "#150",
        "ndex": "#484",
        "name": "Palkia",
        "type1": "Water",
        "type2": "Dragon"
    },
    {
        "Sdex": "",
        "ndex": "#485",
        "name": "Heatran",
        "type1": "Fire",
        "type2": "Steel"
    },
    {
        "Sdex": "",
        "ndex": "#486",
        "name": "Regigigas",
        "type1": "Normal"
    },
    {
        "Sdex": "#210",
        "ndex": "#487",
        "name": "Giratina",
        "type1": "Ghost",
        "type2": "Dragon"
    },
    {
        "Sdex": "#210",
        "ndex": "#487",
        "name": "Giratina",
        "type1": "Ghost",
        "type2": "Dragon"
    },
    {
        "Sdex": "",
        "ndex": "#488",
        "name": "Cresselia",
        "type1": "Psychic"
    },
    {
        "Sdex": "",
        "ndex": "#489",
        "name": "Phione",
        "type1": "Water"
    },
    {
        "Sdex": "#151",
        "ndex": "#490",
        "name": "Manaphy",
        "type1": "Water"
    },
    {
        "Sdex": "",
        "ndex": "#491",
        "name": "Darkrai",
        "type1": "Dark"
    },
    {
        "Sdex": "",
        "ndex": "#492",
        "name": "Shaymin",
        "type1": "Grass"
    },
    {
        "Sdex": "",
        "ndex": "#492",
        "name": "Shaymin",
        "type1": "Grass",
        "type2": "Flying"
    },
    {
        "Sdex": "",
        "ndex": "#493",
        "name": "Arceus",
        "type1": "Normal"
    }
]