[
    {
        "Adex": "#001",
        "ndex": "#722",
        "name": "Rowlet",
        "type1": "Grass",
        "type2": "Flying"
    },
    {
        "Adex": "#002",
        "ndex": "#723",
        "name": "Dartrix",
        "type1": "Grass",
        "type2": "Flying"
    },
    {
        "Adex": "#003",
        "ndex": "#724",
        "name": "Decidueye",
        "type1": "Grass",
        "type2": "Ghost"
    },
    {
        "Adex": "#004",
        "ndex": "#725",
        "name": "Litten",
        "type1": "Fire"
    },
    {
        "Adex": "#005",
        "ndex": "#726",
        "name": "Torracat",
        "type1": "Fire"
    },
    {
        "Adex": "#006",
        "ndex": "#727",
        "name": "Incineroar",
        "type1": "Fire",
        "type2": "Dark"
    },
    {
        "Adex": "#007",
        "ndex": "#728",
        "name": "Popplio",
        "type1": "Water"
    },
    {
        "Adex": "#008",
        "ndex": "#729",
        "name": "Brionne",
        "type1": "Water"
    },
    {
        "Adex": "#009",
        "ndex": "#730",
        "name": "Primarina",
        "type1": "Water",
        "type2": "Fairy"
    },
    {
        "Adex": "#010",
        "ndex": "#731",
        "name": "Pikipek",
        "type1": "Normal",
        "type2": "Flying"
    },
    {
        "Adex": "#011",
        "ndex": "#732",
        "name": "Trumbeak",
        "type1": "Normal",
        "type2": "Flying"
    },
    {
        "Adex": "#012",
        "ndex": "#733",
        "name": "Toucannon",
        "type1": "Normal",
        "type2": "Flying"
    },
    {
        "Adex": "#013",
        "ndex": "#734",
        "name": "Yungoos",
        "type1": "Normal"
    },
    {
        "Adex": "#014",
        "ndex": "#735",
        "name": "Gumshoos",
        "type1": "Normal"
    },
    {
        "Adex": "#027",
        "ndex": "#736",
        "name": "Grubbin",
        "type1": "Bug"
    },
    {
        "Adex": "#028",
        "ndex": "#737",
        "name": "Charjabug",
        "type1": "Bug",
        "type2": "Electric"
    },
    {
        "Adex": "#029",
        "ndex": "#738",
        "name": "Vikavolt",
        "type1": "Bug",
        "type2": "Electric"
    },
    {
        "Adex": "#059",
        "ndex": "#739",
        "name": "Crabrawler",
        "type1": "Fighting"
    },
    {
        "Adex": "#060",
        "ndex": "#740",
        "name": "Crabominable",
        "type1": "Fighting",
        "type2": "Ice"
    },
    {
        "Adex": "#082",
        "ndex": "#741",
        "name": "Oricorio",
        "type1": "Fire",
        "type2": "Flying"
    },
    {
        "Adex": "#082",
        "ndex": "#741",
        "name": "Oricorio",
        "type1": "Electric",
        "type2": "Flying"
    },
    {
        "Adex": "#082",
        "ndex": "#741",
        "name": "Oricorio",
        "type1": "Psychic",
        "type2": "Flying"
    },
    {
        "Adex": "#082",
        "ndex": "#741",
        "name": "Oricorio",
        "type1": "Ghost",
        "type2": "Flying"
    },
    {
        "Adex": "#083",
        "ndex": "#742",
        "name": "Cutiefly",
        "type1": "Bug",
        "type2": "Fairy"
    },
    {
        "Adex": "#084",
        "ndex": "#743",
        "name": "Ribombee",
        "type1": "Bug",
        "type2": "Fairy"
    },
    {
        "Adex": "#103",
        "ndex": "#744",
        "name": "Rockruff",
        "type1": "Rock"
    },
    {
        "Adex": "#104",
        "ndex": "#745",
        "name": "Lycanroc",
        "type1": "Rock"
    },
    {
        "Adex": "#110",
        "ndex": "#746",
        "name": "Wishiwashi",
        "type1": "Water"
    },
    {
        "Adex": "#113",
        "ndex": "#747",
        "name": "Mareanie",
        "type1": "Poison",
        "type2": "Water"
    },
    {
        "Adex": "#114",
        "ndex": "#748",
        "name": "Toxapex",
        "type1": "Poison",
        "type2": "Water"
    },
    {
        "Adex": "#132",
        "ndex": "#749",
        "name": "Mudbray",
        "type1": "Ground"
    },
    {
        "Adex": "#133",
        "ndex": "#750",
        "name": "Mudsdale",
        "type1": "Ground"
    },
    {
        "Adex": "#141",
        "ndex": "#751",
        "name": "Dewpider",
        "type1": "Water",
        "type2": "Bug"
    },
    {
        "Adex": "#142",
        "ndex": "#752",
        "name": "Araquanid",
        "type1": "Water",
        "type2": "Bug"
    },
    {
        "Adex": "#143",
        "ndex": "#753",
        "name": "Fomantis",
        "type1": "Grass"
    },
    {
        "Adex": "#144",
        "ndex": "#754",
        "name": "Lurantis",
        "type1": "Grass"
    },
    {
        "Adex": "#145",
        "ndex": "#755",
        "name": "Morelull",
        "type1": "Grass",
        "type2": "Fairy"
    },
    {
        "Adex": "#146",
        "ndex": "#756",
        "name": "Shiinotic",
        "type1": "Grass",
        "type2": "Fairy"
    },
    {
        "Adex": "#161",
        "ndex": "#757",
        "name": "Salandit",
        "type1": "Poison",
        "type2": "Fire"
    },
    {
        "Adex": "#162",
        "ndex": "#758",
        "name": "Salazzle",
        "type1": "Poison",
        "type2": "Fire"
    },
    {
        "Adex": "#169",
        "ndex": "#759",
        "name": "Stufful",
        "type1": "Normal",
        "type2": "Fighting"
    },
    {
        "Adex": "#170",
        "ndex": "#760",
        "name": "Bewear",
        "type1": "Normal",
        "type2": "Fighting"
    },
    {
        "Adex": "#171",
        "ndex": "#761",
        "name": "Bounsweet",
        "type1": "Grass"
    },
    {
        "Adex": "#172",
        "ndex": "#762",
        "name": "Steenee",
        "type1": "Grass"
    },
    {
        "Adex": "#173",
        "ndex": "#763",
        "name": "Tsareena",
        "type1": "Grass"
    },
    {
        "Adex": "#174",
        "ndex": "#764",
        "name": "Comfey",
        "type1": "Fairy"
    },
    {
        "Adex": "#176",
        "ndex": "#765",
        "name": "Oranguru",
        "type1": "Normal",
        "type2": "Psychic"
    },
    {
        "Adex": "#177",
        "ndex": "#766",
        "name": "Passimian",
        "type1": "Fighting"
    },
    {
        "Adex": "#182",
        "ndex": "#767",
        "name": "Wimpod",
        "type1": "Bug",
        "type2": "Water"
    },
    {
        "Adex": "#183",
        "ndex": "#768",
        "name": "Golisopod",
        "type1": "Bug",
        "type2": "Water"
    },
    {
        "Adex": "#186",
        "ndex": "#769",
        "name": "Sandygast",
        "type1": "Ghost",
        "type2": "Ground"
    },
    {
        "Adex": "#187",
        "ndex": "#770",
        "name": "Palossand",
        "type1": "Ghost",
        "type2": "Ground"
    },
    {
        "Adex": "#200",
        "ndex": "#771",
        "name": "Pyukumuku",
        "type1": "Water"
    },
    {
        "Adex": "#203",
        "ndex": "#772",
        "name": "Type: Null",
        "type1": "Normal"
    },
    {
        "Adex": "#204",
        "ndex": "#773",
        "name": "Silvally",
        "type1": "Normal"
    },
    {
        "Adex": "#213",
        "ndex": "#774",
        "name": "Minior",
        "type1": "Rock",
        "type2": "Flying"
    },
    {
        "Adex": "#222",
        "ndex": "#775",
        "name": "Komala",
        "type1": "Normal"
    },
    {
        "Adex": "#224",
        "ndex": "#776",
        "name": "Turtonator",
        "type1": "Fire",
        "type2": "Dragon"
    },
    {
        "Adex": "#225",
        "ndex": "#777",
        "name": "Togedemaru",
        "type1": "Electric",
        "type2": "Steel"
    },
    {
        "Adex": "#242",
        "ndex": "#778",
        "name": "Mimikyu",
        "type1": "Ghost",
        "type2": "Fairy"
    },
    {
        "Adex": "#243",
        "ndex": "#779",
        "name": "Bruxish",
        "type1": "Water",
        "type2": "Psychic"
    },
    {
        "Adex": "#244",
        "ndex": "#780",
        "name": "Drampa",
        "type1": "Normal",
        "type2": "Dragon"
    },
    {
        "Adex": "#263",
        "ndex": "#781",
        "name": "Dhelmise",
        "type1": "Ghost",
        "type2": "Grass"
    },
    {
        "Adex": "#271",
        "ndex": "#782",
        "name": "Jangmo-o",
        "type1": "Dragon"
    },
    {
        "Adex": "#272",
        "ndex": "#783",
        "name": "Hakamo-o",
        "type1": "Dragon",
        "type2": "Fighting"
    },
    {
        "Adex": "#273",
        "ndex": "#784",
        "name": "Kommo-o",
        "type1": "Dragon",
        "type2": "Fighting"
    },
    {
        "Adex": "#285",
        "ndex": "#785",
        "name": "Tapu Koko",
        "type1": "Electric",
        "type2": "Fairy"
    },
    {
        "Adex": "#286",
        "ndex": "#786",
        "name": "Tapu Lele",
        "type1": "Psychic",
        "type2": "Fairy"
    },
    {
        "Adex": "#287",
        "ndex": "#787",
        "name": "Tapu Bulu",
        "type1": "Grass",
        "type2": "Fairy"
    },
    {
        "Adex": "#288",
        "ndex": "#788",
        "name": "Tapu Fini",
        "type1": "Water",
        "type2": "Fairy"
    },
    {
        "Adex": "#289",
        "ndex": "#789",
        "name": "Cosmog",
        "type1": "Psychic"
    },
    {
        "Adex": "#290",
        "ndex": "#790",
        "name": "Cosmoem",
        "type1": "Psychic"
    },
    {
        "Adex": "#291",
        "ndex": "#791",
        "name": "Solgaleo",
        "type1": "Psychic",
        "type2": "Steel"
    },
    {
        "Adex": "#292",
        "ndex": "#792",
        "name": "Lunala",
        "type1": "Psychic",
        "type2": "Ghost"
    },
    {
        "Adex": "#293",
        "ndex": "#793",
        "name": "Nihilego",
        "type1": "Rock",
        "type2": "Poison"
    },
    {
        "Adex": "#294",
        "ndex": "#794",
        "name": "Buzzwole",
        "type1": "Bug",
        "type2": "Fighting"
    },
    {
        "Adex": "#295",
        "ndex": "#795",
        "name": "Pheromosa",
        "type1": "Bug",
        "type2": "Fighting"
    },
    {
        "Adex": "#296",
        "ndex": "#796",
        "name": "Xurkitree",
        "type1": "Electric"
    },
    {
        "Adex": "#297",
        "ndex": "#797",
        "name": "Celesteela",
        "type1": "Steel",
        "type2": "Flying"
    },
    {
        "Adex": "#298",
        "ndex": "#798",
        "name": "Kartana",
        "type1": "Grass",
        "type2": "Steel"
    },
    {
        "Adex": "#299",
        "ndex": "#799",
        "name": "Guzzlord",
        "type1": "Dark",
        "type2": "Dragon"
    },
    {
        "Adex": "#300",
        "ndex": "#800",
        "name": "Necrozma",
        "type1": "Psychic"
    },
    {
        "Adex": "#301",
        "ndex": "#801",
        "name": "Magearna",
        "type1": "Steel",
        "type2": "Fairy"
    },
    {
        "Adex": "#302",
        "ndex": "#802",
        "name": "Marshadow",
        "type1": "Fighting",
        "type2": "Ghost"
    },
    {
        "Adex": "#261",
        "ndex": "#803",
        "name": "Poipole",
        "type1": "Poison"
    },
    {
        "Adex": "#262",
        "ndex": "#804",
        "name": "Naganadel",
        "type1": "Poison",
        "type2": "Dragon"
    },
    {
        "Adex": "#392",
        "ndex": "#805",
        "name": "Stakataka",
        "type1": "Rock",
        "type2": "Steel"
    },
    {
        "Adex": "#393",
        "ndex": "#806",
        "name": "Blacephalon",
        "type1": "Fire",
        "type2": "Ghost"
    },
    {
        "Adex": "#403",
        "ndex": "#807",
        "name": "Zeraora",
        "type1": "Electric"
    },
    {
        "Adex": "#---",
        "ndex": "#808",
        "name": "Meltan",
        "type1": "Steel"
    },
    {
        "Adex": "#---",
        "ndex": "#809",
        "name": "Melmetal",
        "type1": "Steel"
    }
]