[
    {
        "Kdex": "#001",
        "ndex": "#001",
        "name": "Bulbasaur",
        "type1": "Grass",
        "type2": "Poison"
    },
    {
        "Kdex": "#002",
        "ndex": "#002",
        "name": "Ivysaur",
        "type1": "Grass",
        "type2": "Poison"
    },
    {
        "Kdex": "#003",
        "ndex": "#003",
        "name": "Venusaur",
        "type1": "Grass",
        "type2": "Poison"
    },
    {
        "Kdex": "#004",
        "ndex": "#004",
        "name": "Charmander",
        "type1": "Fire"
    },
    {
        "Kdex": "#005",
        "ndex": "#005",
        "name": "Charmeleon",
        "type1": "Fire"
    },
    {
        "Kdex": "#006",
        "ndex": "#006",
        "name": "Charizard",
        "type1": "Fire",
        "type2": "Flying"
    },
    {
        "Kdex": "#007",
        "ndex": "#007",
        "name": "Squirtle",
        "type1": "Water"
    },
    {
        "Kdex": "#008",
        "ndex": "#008",
        "name": "Wartortle",
        "type1": "Water"
    },
    {
        "Kdex": "#009",
        "ndex": "#009",
        "name": "Blastoise",
        "type1": "Water"
    },
    {
        "Kdex": "#010",
        "ndex": "#010",
        "name": "Caterpie",
        "type1": "Bug"
    },
    {
        "Kdex": "#011",
        "ndex": "#011",
        "name": "Metapod",
        "type1": "Bug"
    },
    {
        "Kdex": "#012",
        "ndex": "#012",
        "name": "Butterfree",
        "type1": "Bug",
        "type2": "Flying"
    },
    {
        "Kdex": "#013",
        "ndex": "#013",
        "name": "Weedle",
        "type1": "Bug",
        "type2": "Poison"
    },
    {
        "Kdex": "#014",
        "ndex": "#014",
        "name": "Kakuna",
        "type1": "Bug",
        "type2": "Poison"
    },
    {
        "Kdex": "#015",
        "ndex": "#015",
        "name": "Beedrill",
        "type1": "Bug",
        "type2": "Poison"
    },
    {
        "Kdex": "#016",
        "ndex": "#016",
        "name": "Pidgey",
        "type1": "Normal",
        "type2": "Flying"
    },
    {
        "Kdex": "#017",
        "ndex": "#017",
        "name": "Pidgeotto",
        "type1": "Normal",
        "type2": "Flying"
    },
    {
        "Kdex": "#018",
        "ndex": "#018",
        "name": "Pidgeot",
        "type1": "Normal",
        "type2": "Flying"
    },
    {
        "Kdex": "#019",
        "ndex": "#019",
        "name": "Rattata",
        "type1": "Normal"
    },
    {
        "Kdex": "",
        "ndex": "#019",
        "name": "Rattata",
        "type1": "Dark",
        "type2": "Normal"
    },
    {
        "Kdex": "#020",
        "ndex": "#020",
        "name": "Raticate",
        "type1": "Normal"
    },
    {
        "Kdex": "",
        "ndex": "#020",
        "name": "Raticate",
        "type1": "Dark",
        "type2": "Normal"
    },
    {
        "Kdex": "#021",
        "ndex": "#021",
        "name": "Spearow",
        "type1": "Normal",
        "type2": "Flying"
    },
    {
        "Kdex": "#022",
        "ndex": "#022",
        "name": "Fearow",
        "type1": "Normal",
        "type2": "Flying"
    },
    {
        "Kdex": "#023",
        "ndex": "#023",
        "name": "Ekans",
        "type1": "Poison"
    },
    {
        "Kdex": "#024",
        "ndex": "#024",
        "name": "Arbok",
        "type1": "Poison"
    },
    {
        "Kdex": "#025",
        "ndex": "#025",
        "name": "Pikachu",
        "type1": "Electric"
    },
    {
        "Kdex": "#026",
        "ndex": "#026",
        "name": "Raichu",
        "type1": "Electric"
    },
    {
        "Kdex": "",
        "ndex": "#026",
        "name": "Raichu",
        "type1": "Electric",
        "type2": "Psychic"
    },
    {
        "Kdex": "#027",
        "ndex": "#027",
        "name": "Sandshrew",
        "type1": "Ground"
    },
    {
        "Kdex": "",
        "ndex": "#027",
        "name": "Sandshrew",
        "type1": "Ice",
        "type2": "Steel"
    },
    {
        "Kdex": "#028",
        "ndex": "#028",
        "name": "Sandslash",
        "type1": "Ground"
    },
    {
        "Kdex": "",
        "ndex": "#028",
        "name": "Sandslash",
        "type1": "Ice",
        "type2": "Steel"
    },
    {
        "Kdex": "#029",
        "ndex": "#029",
        "name": "Nidoran\u2640",
        "type1": "Poison"
    },
    {
        "Kdex": "#030",
        "ndex": "#030",
        "name": "Nidorina",
        "type1": "Poison"
    },
    {
        "Kdex": "#031",
        "ndex": "#031",
        "name": "Nidoqueen",
        "type1": "Poison",
        "type2": "Ground"
    },
    {
        "Kdex": "#032",
        "ndex": "#032",
        "name": "Nidoran\u2642",
        "type1": "Poison"
    },
    {
        "Kdex": "#033",
        "ndex": "#033",
        "name": "Nidorino",
        "type1": "Poison"
    },
    {
        "Kdex": "#034",
        "ndex": "#034",
        "name": "Nidoking",
        "type1": "Poison",
        "type2": "Ground"
    },
    {
        "Kdex": "#035",
        "ndex": "#035",
        "name": "Clefairy",
        "type1": "Fairy"
    },
    {
        "Kdex": "#036",
        "ndex": "#036",
        "name": "Clefable",
        "type1": "Fairy"
    },
    {
        "Kdex": "#037",
        "ndex": "#037",
        "name": "Vulpix",
        "type1": "Fire"
    },
    {
        "Kdex": "",
        "ndex": "#037",
        "name": "Vulpix",
        "type1": "Ice"
    },
    {
        "Kdex": "#038",
        "ndex": "#038",
        "name": "Ninetales",
        "type1": "Fire"
    },
    {
        "Kdex": "",
        "ndex": "#038",
        "name": "Ninetales",
        "type1": "Ice",
        "type2": "Fairy"
    },
    {
        "Kdex": "#039",
        "ndex": "#039",
        "name": "Jigglypuff",
        "type1": "Normal",
        "type2": "Fairy"
    },
    {
        "Kdex": "#040",
        "ndex": "#040",
        "name": "Wigglytuff",
        "type1": "Normal",
        "type2": "Fairy"
    },
    {
        "Kdex": "#041",
        "ndex": "#041",
        "name": "Zubat",
        "type1": "Poison",
        "type2": "Flying"
    },
    {
        "Kdex": "#042",
        "ndex": "#042",
        "name": "Golbat",
        "type1": "Poison",
        "type2": "Flying"
    },
    {
        "Kdex": "#043",
        "ndex": "#043",
        "name": "Oddish",
        "type1": "Grass",
        "type2": "Poison"
    },
    {
        "Kdex": "#044",
        "ndex": "#044",
        "name": "Gloom",
        "type1": "Grass",
        "type2": "Poison"
    },
    {
        "Kdex": "#045",
        "ndex": "#045",
        "name": "Vileplume",
        "type1": "Grass",
        "type2": "Poison"
    },
    {
        "Kdex": "#046",
        "ndex": "#046",
        "name": "Paras",
        "type1": "Bug",
        "type2": "Grass"
    },
    {
        "Kdex": "#047",
        "ndex": "#047",
        "name": "Parasect",
        "type1": "Bug",
        "type2": "Grass"
    },
    {
        "Kdex": "#048",
        "ndex": "#048",
        "name": "Venonat",
        "type1": "Bug",
        "type2": "Poison"
    },
    {
        "Kdex": "#049",
        "ndex": "#049",
        "name": "Venomoth",
        "type1": "Bug",
        "type2": "Poison"
    },
    {
        "Kdex": "#050",
        "ndex": "#050",
        "name": "Diglett",
        "type1": "Ground"
    },
    {
        "Kdex": "",
        "ndex": "#050",
        "name": "Diglett",
        "type1": "Ground",
        "type2": "Steel"
    },
    {
        "Kdex": "#051",
        "ndex": "#051",
        "name": "Dugtrio",
        "type1": "Ground"
    },
    {
        "Kdex": "",
        "ndex": "#051",
        "name": "Dugtrio",
        "type1": "Ground",
        "type2": "Steel"
    },
    {
        "Kdex": "#052",
        "ndex": "#052",
        "name": "Meowth",
        "type1": "Normal"
    },
    {
        "Kdex": "",
        "ndex": "#052",
        "name": "Meowth",
        "type1": "Dark"
    },
    {
        "Kdex": "",
        "ndex": "#052",
        "name": "Meowth",
        "type1": "Steel"
    },
    {
        "Kdex": "#053",
        "ndex": "#053",
        "name": "Persian",
        "type1": "Normal"
    },
    {
        "Kdex": "",
        "ndex": "#053",
        "name": "Persian",
        "type1": "Dark"
    },
    {
        "Kdex": "#054",
        "ndex": "#054",
        "name": "Psyduck",
        "type1": "Water"
    },
    {
        "Kdex": "#055",
        "ndex": "#055",
        "name": "Golduck",
        "type1": "Water"
    },
    {
        "Kdex": "#056",
        "ndex": "#056",
        "name": "Mankey",
        "type1": "Fighting"
    },
    {
        "Kdex": "#057",
        "ndex": "#057",
        "name": "Primeape",
        "type1": "Fighting"
    },
    {
        "Kdex": "#058",
        "ndex": "#058",
        "name": "Growlithe",
        "type1": "Fire"
    },
    {
        "Kdex": "#059",
        "ndex": "#059",
        "name": "Arcanine",
        "type1": "Fire"
    },
    {
        "Kdex": "#060",
        "ndex": "#060",
        "name": "Poliwag",
        "type1": "Water"
    },
    {
        "Kdex": "#061",
        "ndex": "#061",
        "name": "Poliwhirl",
        "type1": "Water"
    },
    {
        "Kdex": "#062",
        "ndex": "#062",
        "name": "Poliwrath",
        "type1": "Water",
        "type2": "Fighting"
    },
    {
        "Kdex": "#063",
        "ndex": "#063",
        "name": "Abra",
        "type1": "Psychic"
    },
    {
        "Kdex": "#064",
        "ndex": "#064",
        "name": "Kadabra",
        "type1": "Psychic"
    },
    {
        "Kdex": "#065",
        "ndex": "#065",
        "name": "Alakazam",
        "type1": "Psychic"
    },
    {
        "Kdex": "#066",
        "ndex": "#066",
        "name": "Machop",
        "type1": "Fighting"
    },
    {
        "Kdex": "#067",
        "ndex": "#067",
        "name": "Machoke",
        "type1": "Fighting"
    },
    {
        "Kdex": "#068",
        "ndex": "#068",
        "name": "Machamp",
        "type1": "Fighting"
    },
    {
        "Kdex": "#069",
        "ndex": "#069",
        "name": "Bellsprout",
        "type1": "Grass",
        "type2": "Poison"
    },
    {
        "Kdex": "#070",
        "ndex": "#070",
        "name": "Weepinbell",
        "type1": "Grass",
        "type2": "Poison"
    },
    {
        "Kdex": "#071",
        "ndex": "#071",
        "name": "Victreebel",
        "type1": "Grass",
        "type2": "Poison"
    },
    {
        "Kdex": "#072",
        "ndex": "#072",
        "name": "Tentacool",
        "type1": "Water",
        "type2": "Poison"
    },
    {
        "Kdex": "#073",
        "ndex": "#073",
        "name": "Tentacruel",
        "type1": "Water",
        "type2": "Poison"
    },
    {
        "Kdex": "#074",
        "ndex": "#074",
        "name": "Geodude",
        "type1": "Rock",
        "type2": "Ground"
    },
    {
        "Kdex": "",
        "ndex": "#074",
        "name": "Geodude",
        "type1": "Rock",
        "type2": "Electric"
    },
    {
        "Kdex": "#075",
        "ndex": "#075",
        "name": "Graveler",
        "type1": "Rock",
        "type2": "Ground"
    },
    {
        "Kdex": "",
        "ndex": "#075",
        "name": "Graveler",
        "type1": "Rock",
        "type2": "Electric"
    },
    {
        "Kdex": "#076",
        "ndex": "#076",
        "name": "Golem",
        "type1": "Rock",
        "type2": "Ground"
    },
    {
        "Kdex": "",
        "ndex": "#076",
        "name": "Golem",
        "type1": "Rock",
        "type2": "Electric"
    },
    {
        "Kdex": "#077",
        "ndex": "#077",
        "name": "Ponyta",
        "type1": "Fire"
    },
    {
        "Kdex": "",
        "ndex": "#077",
        "name": "Ponyta",
        "type1": "Psychic"
    },
    {
        "Kdex": "#078",
        "ndex": "#078",
        "name": "Rapidash",
        "type1": "Fire"
    },
    {
        "Kdex": "",
        "ndex": "#078",
        "name": "Rapidash",
        "type1": "Psychic",
        "type2": "Fairy"
    },
    {
        "Kdex": "#079",
        "ndex": "#079",
        "name": "Slowpoke",
        "type1": "Water",
        "type2": "Psychic"
    },
    {
        "Kdex": "",
        "ndex": "#079",
        "name": "Slowpoke",
        "type1": "Psychic"
    },
    {
        "Kdex": "#080",
        "ndex": "#080",
        "name": "Slowbro",
        "type1": "Water",
        "type2": "Psychic"
    },
    {
        "Kdex": "",
        "ndex": "#080",
        "name": "Slowbro",
        "type1": "Poison",
        "type2": "Psychic"
    },
    {
        "Kdex": "#081",
        "ndex": "#081",
        "name": "Magnemite",
        "type1": "Electric",
        "type2": "Steel"
    },
    {
        "Kdex": "#082",
        "ndex": "#082",
        "name": "Magneton",
        "type1": "Electric",
        "type2": "Steel"
    },
    {
        "Kdex": "#083",
        "ndex": "#083",
        "name": "Farfetch'd",
        "type1": "Normal",
        "type2": "Flying"
    },
    {
        "Kdex": "",
        "ndex": "#083",
        "name": "Farfetch'd",
        "type1": "Fighting"
    },
    {
        "Kdex": "#084",
        "ndex": "#084",
        "name": "Doduo",
        "type1": "Normal",
        "type2": "Flying"
    },
    {
        "Kdex": "#085",
        "ndex": "#085",
        "name": "Dodrio",
        "type1": "Normal",
        "type2": "Flying"
    },
    {
        "Kdex": "#086",
        "ndex": "#086",
        "name": "Seel",
        "type1": "Water"
    },
    {
        "Kdex": "#087",
        "ndex": "#087",
        "name": "Dewgong",
        "type1": "Water",
        "type2": "Ice"
    },
    {
        "Kdex": "#088",
        "ndex": "#088",
        "name": "Grimer",
        "type1": "Poison"
    },
    {
        "Kdex": "",
        "ndex": "#088",
        "name": "Grimer",
        "type1": "Poison",
        "type2": "Dark"
    },
    {
        "Kdex": "#089",
        "ndex": "#089",
        "name": "Muk",
        "type1": "Poison"
    },
    {
        "Kdex": "",
        "ndex": "#089",
        "name": "Muk",
        "type1": "Poison",
        "type2": "Dark"
    },
    {
        "Kdex": "#090",
        "ndex": "#090",
        "name": "Shellder",
        "type1": "Water"
    },
    {
        "Kdex": "#091",
        "ndex": "#091",
        "name": "Cloyster",
        "type1": "Water",
        "type2": "Ice"
    },
    {
        "Kdex": "#092",
        "ndex": "#092",
        "name": "Gastly",
        "type1": "Ghost",
        "type2": "Poison"
    },
    {
        "Kdex": "#093",
        "ndex": "#093",
        "name": "Haunter",
        "type1": "Ghost",
        "type2": "Poison"
    },
    {
        "Kdex": "#094",
        "ndex": "#094",
        "name": "Gengar",
        "type1": "Ghost",
        "type2": "Poison"
    },
    {
        "Kdex": "#095",
        "ndex": "#095",
        "name": "Onix",
        "type1": "Rock",
        "type2": "Ground"
    },
    {
        "Kdex": "#096",
        "ndex": "#096",
        "name": "Drowzee",
        "type1": "Psychic"
    },
    {
        "Kdex": "#097",
        "ndex": "#097",
        "name": "Hypno",
        "type1": "Psychic"
    },
    {
        "Kdex": "#098",
        "ndex": "#098",
        "name": "Krabby",
        "type1": "Water"
    },
    {
        "Kdex": "#099",
        "ndex": "#099",
        "name": "Kingler",
        "type1": "Water"
    },
    {
        "Kdex": "#100",
        "ndex": "#100",
        "name": "Voltorb",
        "type1": "Electric"
    },
    {
        "Kdex": "#101",
        "ndex": "#101",
        "name": "Electrode",
        "type1": "Electric"
    },
    {
        "Kdex": "#102",
        "ndex": "#102",
        "name": "Exeggcute",
        "type1": "Grass",
        "type2": "Psychic"
    },
    {
        "Kdex": "#103",
        "ndex": "#103",
        "name": "Exeggutor",
        "type1": "Grass",
        "type2": "Psychic"
    },
    {
        "Kdex": "",
        "ndex": "#103",
        "name": "Exeggutor",
        "type1": "Grass",
        "type2": "Dragon"
    },
    {
        "Kdex": "#104",
        "ndex": "#104",
        "name": "Cubone",
        "type1": "Ground"
    },
    {
        "Kdex": "#105",
        "ndex": "#105",
        "name": "Marowak",
        "type1": "Ground"
    },
    {
        "Kdex": "",
        "ndex": "#105",
        "name": "Marowak",
        "type1": "Fire",
        "type2": "Ghost"
    },
    {
        "Kdex": "#106",
        "ndex": "#106",
        "name": "Hitmonlee",
        "type1": "Fighting"
    },
    {
        "Kdex": "#107",
        "ndex": "#107",
        "name": "Hitmonchan",
        "type1": "Fighting"
    },
    {
        "Kdex": "#108",
        "ndex": "#108",
        "name": "Lickitung",
        "type1": "Normal"
    },
    {
        "Kdex": "#109",
        "ndex": "#109",
        "name": "Koffing",
        "type1": "Poison"
    },
    {
        "Kdex": "#110",
        "ndex": "#110",
        "name": "Weezing",
        "type1": "Poison"
    },
    {
        "Kdex": "",
        "ndex": "#110",
        "name": "Weezing",
        "type1": "Poison",
        "type2": "Fairy"
    },
    {
        "Kdex": "#111",
        "ndex": "#111",
        "name": "Rhyhorn",
        "type1": "Ground",
        "type2": "Rock"
    },
    {
        "Kdex": "#112",
        "ndex": "#112",
        "name": "Rhydon",
        "type1": "Ground",
        "type2": "Rock"
    },
    {
        "Kdex": "#113",
        "ndex": "#113",
        "name": "Chansey",
        "type1": "Normal"
    },
    {
        "Kdex": "#114",
        "ndex": "#114",
        "name": "Tangela",
        "type1": "Grass"
    },
    {
        "Kdex": "#115",
        "ndex": "#115",
        "name": "Kangaskhan",
        "type1": "Normal"
    },
    {
        "Kdex": "#116",
        "ndex": "#116",
        "name": "Horsea",
        "type1": "Water"
    },
    {
        "Kdex": "#117",
        "ndex": "#117",
        "name": "Seadra",
        "type1": "Water"
    },
    {
        "Kdex": "#118",
        "ndex": "#118",
        "name": "Goldeen",
        "type1": "Water"
    },
    {
        "Kdex": "#119",
        "ndex": "#119",
        "name": "Seaking",
        "type1": "Water"
    },
    {
        "Kdex": "#120",
        "ndex": "#120",
        "name": "Staryu",
        "type1": "Water"
    },
    {
        "Kdex": "#121",
        "ndex": "#121",
        "name": "Starmie",
        "type1": "Water",
        "type2": "Psychic"
    },
    {
        "Kdex": "#122",
        "ndex": "#122",
        "name": "Mr. Mime",
        "type1": "Psychic",
        "type2": "Fairy"
    },
    {
        "Kdex": "",
        "ndex": "#122",
        "name": "Mr. Mime",
        "type1": "Ice",
        "type2": "Psychic"
    },
    {
        "Kdex": "#123",
        "ndex": "#123",
        "name": "Scyther",
        "type1": "Bug",
        "type2": "Flying"
    },
    {
        "Kdex": "#124",
        "ndex": "#124",
        "name": "Jynx",
        "type1": "Ice",
        "type2": "Psychic"
    },
    {
        "Kdex": "#125",
        "ndex": "#125",
        "name": "Electabuzz",
        "type1": "Electric"
    },
    {
        "Kdex": "#126",
        "ndex": "#126",
        "name": "Magmar",
        "type1": "Fire"
    },
    {
        "Kdex": "#127",
        "ndex": "#127",
        "name": "Pinsir",
        "type1": "Bug"
    },
    {
        "Kdex": "#128",
        "ndex": "#128",
        "name": "Tauros",
        "type1": "Normal"
    },
    {
        "Kdex": "#129",
        "ndex": "#129",
        "name": "Magikarp",
        "type1": "Water"
    },
    {
        "Kdex": "#130",
        "ndex": "#130",
        "name": "Gyarados",
        "type1": "Water",
        "type2": "Flying"
    },
    {
        "Kdex": "#131",
        "ndex": "#131",
        "name": "Lapras",
        "type1": "Water",
        "type2": "Ice"
    },
    {
        "Kdex": "#132",
        "ndex": "#132",
        "name": "Ditto",
        "type1": "Normal"
    },
    {
        "Kdex": "#133",
        "ndex": "#133",
        "name": "Eevee",
        "type1": "Normal"
    },
    {
        "Kdex": "#134",
        "ndex": "#134",
        "name": "Vaporeon",
        "type1": "Water"
    },
    {
        "Kdex": "#135",
        "ndex": "#135",
        "name": "Jolteon",
        "type1": "Electric"
    },
    {
        "Kdex": "#136",
        "ndex": "#136",
        "name": "Flareon",
        "type1": "Fire"
    },
    {
        "Kdex": "#137",
        "ndex": "#137",
        "name": "Porygon",
        "type1": "Normal"
    },
    {
        "Kdex": "#138",
        "ndex": "#138",
        "name": "Omanyte",
        "type1": "Rock",
        "type2": "Water"
    },
    {
        "Kdex": "#139",
        "ndex": "#139",
        "name": "Omastar",
        "type1": "Rock",
        "type2": "Water"
    },
    {
        "Kdex": "#140",
        "ndex": "#140",
        "name": "Kabuto",
        "type1": "Rock",
        "type2": "Water"
    },
    {
        "Kdex": "#141",
        "ndex": "#141",
        "name": "Kabutops",
        "type1": "Rock",
        "type2": "Water"
    },
    {
        "Kdex": "#142",
        "ndex": "#142",
        "name": "Aerodactyl",
        "type1": "Rock",
        "type2": "Flying"
    },
    {
        "Kdex": "#143",
        "ndex": "#143",
        "name": "Snorlax",
        "type1": "Normal"
    },
    {
        "Kdex": "#144",
        "ndex": "#144",
        "name": "Articuno",
        "type1": "Ice",
        "type2": "Flying"
    },
    {
        "Kdex": "",
        "ndex": "#144",
        "name": "Articuno",
        "type1": "Psychic",
        "type2": "Flying"
    },
    {
        "Kdex": "#145",
        "ndex": "#145",
        "name": "Zapdos",
        "type1": "Electric",
        "type2": "Flying"
    },
    {
        "Kdex": "",
        "ndex": "#145",
        "name": "Zapdos",
        "type1": "Fighting",
        "type2": "Flying"
    },
    {
        "Kdex": "#146",
        "ndex": "#146",
        "name": "Moltres",
        "type1": "Fire",
        "type2": "Flying"
    },
    {
        "Kdex": "",
        "ndex": "#146",
        "name": "Moltres",
        "type1": "Dark",
        "type2": "Flying"
    },
    {
        "Kdex": "#147",
        "ndex": "#147",
        "name": "Dratini",
        "type1": "Dragon"
    },
    {
        "Kdex": "#148",
        "ndex": "#148",
        "name": "Dragonair",
        "type1": "Dragon"
    },
    {
        "Kdex": "#149",
        "ndex": "#149",
        "name": "Dragonite",
        "type1": "Dragon",
        "type2": "Flying"
    },
    {
        "Kdex": "#150",
        "ndex": "#150",
        "name": "Mewtwo",
        "type1": "Psychic"
    },
    {
        "Kdex": "#151",
        "ndex": "#151",
        "name": "Mew",
        "type1": "Psychic"
    }
]